brand_name,generic_name
syrex,0.9 % sodium chloride
procalamine,aa 3%/electrolyte-tpn soln/gly
kabiven,aa 3.31 %/d9.8w/fat/elect #10
clinimix e,aa 4.25%/calcium/lytes/d25w
clinimix e,aa 4.25%/calcium/lytes/d5w
clinimix e,aa 4.25%/calcium/lytes/dex 10%
clinimix e,aa 5 %/calcium/lytes/dext 15 %
clinimix e,aa 5 %/calcium/lytes/dext 20 %
clinimix e,aa 5 %/calcium/lytes/dext 25 %
treagan otic,aa/antipyrn/bcaine/polico#1/al
otic edge,aa/antpy/bcaine/polico/al acet
epzicom,abacavir sulfate/lamivudine
triumeq,abacavir/dolutegravir/lamivudi
abacavir-lamivudine-zidovudine,abacavir/lamivudine/zidovudine
trizivir,abacavir/lamivudine/zidovudine
orencia,abatacept/maltose
dysport,abobotulinumtoxina
acebutolol hcl,acebutolol hcl
sectral,acebutolol hcl
acetaminophen-codeine,acetaminophen with codeine
capital w-codeine,acetaminophen with codeine
tylenol-codeine no.3,acetaminophen with codeine
tylenol-codeine no.4,acetaminophen with codeine
flextra plus,acetaminophen/phenyltolox/caff
acuflex,acetaminophen/phenyltolx
ali-flex,acetaminophen/phenyltolx
dologesic,acetaminophen/phenyltolx
dolorex,acetaminophen/phenyltolx
flextra-650,acetaminophen/phenyltolx
flextra-ds,acetaminophen/phenyltolx
relagesic,acetaminophen/phenyltolx
rhinoflex,acetaminophen/phenyltolx
rhinoflex-650,acetaminophen/phenyltolx
zflex,acetaminophen/phenyltolx
zgesic,acetaminophen/phenyltolx
acid jelly,acetic ac/ricinoleic/oxyquinol
acetic acid-aluminum,acetic acid/aluminum acetate
borofair,acetic acid/aluminum acetate
acetasol hc,acetic acid/hydrocortisone
hydrocortisone-acetic acid,acetic acid/hydrocortisone
vosol hc,acetic acid/hydrocortisone
fem ph,acetic acid/oxyquinoline
relagard,acetic acid/oxyquinoline
alz-nac,acetyl/methyl-b12/lmefolate ca
cerefolin nac,acetyl/methyl-b12/lmefolate ca
enfolast-n,acetyl/methyl-b12/lmefolate ca
l-methyl-mc nac,acetyl/methyl-b12/lmefolate ca
l-methylfolate-mecobalamin-nac,acetyl/methyl-b12/lmefolate ca
metafolbic plus,acetyl/methyl-b12/lmefolate ca
triveen-cf nac,acetyl/methyl-b12/lmefolate ca
soriatane ck,acitretin/emollient comb no.26
xerese,acyclovir/hydrocortisone
epiduo,adapalene/benzoyl peroxide
epiduo forte,adapalene/benzoyl peroxide
kadcyla,ado-trastuzumab emtansine
alcohol pads,alcohol antiseptic pads
alcohol prep pads,alcohol antiseptic pads
alcohol prep swabs,alcohol antiseptic pads
alcohol swab,alcohol antiseptic pads
alcohol swabs,alcohol antiseptic pads
alcohol wipes,alcohol antiseptic pads
b-d single use alcohol swab,alcohol antiseptic pads
curity alcohol preps,alcohol antiseptic pads
easy touch alcohol prep pads,alcohol antiseptic pads
glucopro,alcohol antiseptic pads
iv prep wipes,alcohol antiseptic pads
single use swab,alcohol antiseptic pads
sure-prep alcohol prep pads,alcohol antiseptic pads
sure comfort alcohol,alcohol antiseptic pads
ultilet alcohol swab,alcohol antiseptic pads
webcol,alcohol antiseptic pads
fosamax plus d,alendronate sodium/vitamin d3
alfuzosin hcl er,alfuzosin hcl
uroxatral,alfuzosin hcl
tekturna,aliskiren hemifumarate
amturnide,aliskiren/amlodipin/hcthiazide
tekamlo,aliskiren/amlodipine besylate
tekturna hct,aliskiren/hydrochlorothiazide
valturna,aliskiren/valsartan
kazano,alogliptin benz/metformin hcl
oseni,alogliptin benz/pioglitazone
alosetron hcl,alosetron hcl
lotronex,alosetron hcl
aralast np,alpha-1-proteinase inhibitor
glassia,alpha-1-proteinase inhibitor
prolastin c,alpha-1-proteinase inhibitor
zemaira,alpha-1-proteinase inhibitor
amiloride hcl,amiloride hcl
amiloride-hydrochlorothiazide,amiloride/hydrochlorothiazide
protect plus nr,amino ac/fa/mv-mn/dietary 2
clinimix,amino acid 4.25 %/dextrose 25%
trophamine,amino acids 10 %
clinimix,amino acids 4.25 %/dextrose 5%
clinimix,amino acids 4.25%/dextrose 10%
clinimix,amino acids 5 %/dextrose 15 %
clinimix,amino acids 5 %/dextrose 20 %
clinimix,amino acids 5 %/dextrose 25 %
hepatamine,amino acids 8 %
hepatasol,amino acids 8 %
levulan,aminolevulinic acid hcl
amiodarone hcl,amiodarone hcl
cordarone,amiodarone hcl
pacerone,amiodarone hcl
amitriptyline-chlordiazepoxide,amitrip hcl/chlordiazepoxide
chlordiazepoxide-amitriptyline,amitrip hcl/chlordiazepoxide
amitriptyline hcl,amitriptyline hcl
azor,amlodipine bes/olmesartan med
amlodipine besylate-benazepril,amlodipine besylate/benazepril
lotrel,amlodipine besylate/benazepril
amlodipine-atorvastatin,amlodipine/atorvastatin
caduet,amlodipine/atorvastatin
amlodipine-valsartan,amlodipine/valsartan
exforge,amlodipine/valsartan
amlodipine-valsartan-hctz,amlodipine/valsartan/hcthiazid
exforge hct,amlodipine/valsartan/hcthiazid
ammonium lactate,ammonium lactate
lac-hydrin,ammonium lactate
laclotion,ammonium lactate
amox tr-potassium clavulanate,amoxicillin/potassium clav
amoxicillin-clavulanate pot er,amoxicillin/potassium clav
amoxicillin-clavulanate potass,amoxicillin/potassium clav
augmentin,amoxicillin/potassium clav
augmentin xr,amoxicillin/potassium clav
abelcet,amphotericin b lipid complex
ambisome,amphotericin b liposome
ampicillin-sulbactam,ampicillin sodium/sulbactam na
unasyn,ampicillin sodium/sulbactam na
ampicillin trihydrate,ampicillin trihydrate
agrylin,anagrelide hcl
anagrelide hcl,anagrelide hcl
zithranol,anthralin micronized
otozin,antipyrine/benzocain/gly/zinc
a-b otic,antipyrine/benzocaine
antipyrine-benzocaine,antipyrine/benzocaine
aurax,antipyrine/benzocaine
aurodex,antipyrine/benzocaine
aurodex ear drops,antipyrine/benzocaine
auroguard,antipyrine/benzocaine
otic care,antipyrine/benzocaine
apokyn,apomorphine hcl
apraclonidine hcl,apraclonidine hcl
iopidine,apraclonidine hcl
brovana,arformoterol tartrate
coartem,artemether/lumefantrine
levacet,asa/salicylam/acetaminoph/caff
aggrenox,aspirin/dipyridamole
aspirin-dipyridamole er,aspirin/dipyridamole
evotaz,atazanavir sulfate/cobicistat
atenolol-chlorthalidone,atenolol/chlorthalidone
tenoretic 100,atenolol/chlorthalidone
tenoretic 50,atenolol/chlorthalidone
strattera,atomoxetine hcl
atovaquone-proguanil hcl,atovaquone/proguanil hcl
malarone,atovaquone/proguanil hcl
finacea plus,"azelaic acid/ceramide 1,3,6-11"
astelin,azelastine hcl
astepro,azelastine hcl
azelastine hcl,azelastine hcl
optivar,azelastine hcl
dymista,azelastine/fluticasone
edarbyclor,azilsartan med/chlorthalidone
azactam-iso-osmotic dextrose,aztreonam/dextrose-water
bucalsep,b-caine/zinc cl/pine/cpyrd
vital-d rx,b cmplx 4/vit d3/c/fa/zinc ox
nephrocaps,b complex & c no.20/folic acid
renal caps,b complex & c no.20/folic acid
renal softgel,b complex & c no.20/folic acid
reno caps,b complex & c no.20/folic acid
triphrocaps,b complex & c no.20/folic acid
virt-caps,b complex & c no.20/folic acid
support-500,b complex with vitamin c
therobec,b1/b2/b3/b5/b6/b12/vit c/fa
folbic rf,b12/levomefolate calcium/b-6
foltx,b12/levomefolate calcium/b-6
nicazel,b3/azel ac/zinc/b6/copper/fa
vp-zel,b3/azel ac/zinc/b6/copper/fa
ak-poly-bac,bacitracin/polymyxin b sulfate
bacitracin-polymyxin,bacitracin/polymyxin b sulfate
polycin,bacitracin/polymyxin b sulfate
limbrel,baicalin/catechin
limbrel250,baicalin/catechin/citrated znc
limbrel500,baicalin/catechin/citrated znc
akorn balanced salt,balanced salt irrig soln no.2
bss,balanced salt irrig soln no.2
bcg (tice strain),bcg live
theracys,bcg live
bcg vaccine (tice strain),"bcg vaccine, live/pf"
benazepril hcl,benazepril hcl
lotensin,benazepril hcl
benazepril-hydrochlorothiazide,benazepril/hydrochlorothiazide
benazepril hcl-hctz,benazepril/hydrochlorothiazide
lotensin hct,benazepril/hydrochlorothiazide
treanda,bendamustine hcl
orasep,benzocaine/menth/cetylpyrd cl
orasep,benzocaine/tan ac/menth/cpyrd
bensal hp,benzoic acid/salicylic acid
lavoclen-4,benzoyl peroxide&skin cleansr5
lavoclen-8,benzoyl peroxide&skin cleansr5
vanoxide-hc,benzoyl peroxide/hydrocortison
benzphetamine hcl,benzphetamine hcl
didrex,benzphetamine hcl
bepreve,bepotastine besilate
besivance,besifloxacin hcl
betamethasone acetate-sod phos,betamet acet/betamet na ph
celestone,betamet acet/betamet na ph
diprolene,betamethasone/propylene glyc
diprolene af,betamethasone/propylene glyc
betaxolol hcl,betaxolol hcl
betoptic s,betaxolol hcl
gavilyte-h and bisacodyl,bisac/nacl/nahco3/kcl/peg 3350
halflytely-bisacodyl,bisac/nacl/nahco3/kcl/peg 3350
halflytely with flavor packs,bisac/nacl/nahco3/kcl/peg 3350
helidac,bismuth sal/metronid/tetracyc
pylera,bismuth/metronid/tetracycline
bisoprolol-hydrochlorothiazide,bisoprolol fumarate/hctz
bisoprolol fumarate-hctz,bisoprolol fumarate/hctz
ziac,bisoprolol fumarate/hctz
combigan,brimonidine tartrate/timolol
simbrinza,brinzolamide/brimonidine tart
m-end wc,bromphenira/pseudoephed/codein
mesehist wc,bromphenira/pseudoephed/codein
poly-tussin dhc,brompheniram/pe/dihydrocodeine
trexbrom,brompheniramin/pe/carbetapent
vazobid,brompheniramin/phenyleph tanns
bromax d,brompheniramin/phenylephrine
tanabid sr,brompheniramin/phenylephrine
bpm pseudo,brompheniramin/pseudoephedrine
brovex pse,brompheniramin/pseudoephedrine
lodrane,brompheniramin/pseudoephedrine
lodrane 24d,brompheniramin/pseudoephedrine
lohist 12d,brompheniramin/pseudoephedrine
bromfed dm,brompheniramine/pseudoephed/dm
carbofed dm,brompheniramine/pseudoephed/dm
pse brom,brompheniramine/pseudoephed/dm
sildec-dm,brompheniramine/pseudoephed/dm
j-cof dhc,bromphenrm/pseudoeph/dihydrocd
symbicort,budesonide/formoterol fumarate
bupivacaine hcl,bupivacaine hcl
marcaine,bupivacaine hcl
sensorcaine,bupivacaine hcl
marcaine-epinephrine,bupivacaine hcl/epinephrine/pf
bupivacaine hcl,bupivacaine hcl/pf
marcaine,bupivacaine hcl/pf
sensorcaine,bupivacaine hcl/pf
sensorcaine-mpf,bupivacaine hcl/pf
buprenex,buprenorphine hcl
buprenorphine hcl,buprenorphine hcl
subutex,buprenorphine hcl
bunavail,buprenorphine hcl/naloxone hcl
buprenorphine-naloxone,buprenorphine hcl/naloxone hcl
suboxone,buprenorphine hcl/naloxone hcl
zubsolv,buprenorphine hcl/naloxone hcl
aplenzin,bupropion hbr
budeprion sr,bupropion hcl
budeprion xl,bupropion hcl
buproban,bupropion hcl
bupropion hcl,bupropion hcl
bupropion hcl sr,bupropion hcl
bupropion xl,bupropion hcl
forfivo xl,bupropion hcl
wellbutrin,bupropion hcl
wellbutrin sr,bupropion hcl
wellbutrin xl,bupropion hcl
zyban,bupropion hcl
buspar,buspirone hcl
buspirone hcl,buspirone hcl
butisol sodium,butabarbital sodium
butalbital-acetaminophen-caffe,butalb/acetaminophen/caffeine
capacet,butalb/acetaminophen/caffeine
dolgic plus,butalb/acetaminophen/caffeine
esgic,butalb/acetaminophen/caffeine
esgic-plus,butalb/acetaminophen/caffeine
fioricet,butalb/acetaminophen/caffeine
margesic,butalb/acetaminophen/caffeine
orbivan,butalb/acetaminophen/caffeine
repan,butalb/acetaminophen/caffeine
vanatol lq,butalb/acetaminophen/caffeine
zebutal,butalb/acetaminophen/caffeine
butalb-acetaminoph-caff-codein,butalbit/acetamin/caff/codeine
butalb-caff-acetaminoph-codein,butalbit/acetamin/caff/codeine
fioricet with codeine,butalbit/acetamin/caff/codeine
bupap,butalbital/acetaminophen
butalbital-acetaminophen,butalbital/acetaminophen
cephadyn,butalbital/acetaminophen
phrenilin forte,butalbital/acetaminophen
tencon,butalbital/acetaminophen
butalbital-aspirin-caffeine,butalbital/aspirin/caffeine
butalbital compound,butalbital/aspirin/caffeine
fiorinal,butalbital/aspirin/caffeine
mentax,butenafine hcl
berinert,c1 esterase inhibitor
cinryze,c1 esterase inhibitor
ruconest,"c1 esterase inhibitor, recomb"
calcipotriene-betamethasone dp,calcipotriene/betamethasone
taclonex,calcipotriene/betamethasone
taclonex scalp,calcipotriene/betamethasone
calcitonin-salmon,"calcitonin,salmon,synthetic"
fortical,"calcitonin,salmon,synthetic"
miacalcin,"calcitonin,salmon,synthetic"
magnebind 400 rx,calcium carbonate/mag carb/fa
calcifolic-d,calcium/mag/d3/b12/fa/b6/boron
calcium-folic acid plus d,calcium/mag/d3/b12/fa/b6/boron
folgard os,calcium/mag/d3/b12/fa/b6/boron
tl g-fol os,calcium/mag/d3/b12/fa/b6/boron
invokamet,canagliflozin/metformin hcl
ilaris,canakinumab/pf
atacand hct,candesartan/hydrochlorothiazid
candesartan-hydrochlorothiazid,candesartan/hydrochlorothiazid
aleveer,capsaicin/menthol
captracin,capsaicin/menthol
qroxin,capsaicin/menthol
qutenza,capsaicin/skin cleanser
captopril-hydrochlorothiazide,captopril/hydrochlorothiazide
carbidopa,carbidopa
lodosyn,carbidopa
carbidopa-levodopa,carbidopa/levodopa
carbidopa-levodopa er,carbidopa/levodopa
parcopa,carbidopa/levodopa
rytary,carbidopa/levodopa
sinemet 10-100,carbidopa/levodopa
sinemet 25-100,carbidopa/levodopa
sinemet 25-250,carbidopa/levodopa
sinemet cr,carbidopa/levodopa
carbidopa-levodopa-entacapone,carbidopa/levodopa/entacapone
stalevo 100,carbidopa/levodopa/entacapone
stalevo 125,carbidopa/levodopa/entacapone
stalevo 150,carbidopa/levodopa/entacapone
stalevo 200,carbidopa/levodopa/entacapone
stalevo 50,carbidopa/levodopa/entacapone
stalevo 75,carbidopa/levodopa/entacapone
genadur,carbit/equis xt/ethan/chit/msm
carisoprodol-aspirin,carisoprodol/aspirin
carisoprodol compound,carisoprodol/aspirin
carteolol hcl,carteolol hcl
cefazolin sodium-dextrose,"cefazolin sodium/dextrose,iso"
cefepime hcl,cefepime hcl
maxipime,cefepime hcl
cefepime-dextrose,cefepime hcl/d5w
cefotetan & dextrose,"cefotetan disod/dextrose,iso"
teflaro,ceftaroline fosamil acetate
fortaz in iso-osmotic dextrose,"ceftazidime na/dextrose,iso"
avycaz,ceftazidime/avibactam
zerbaxa,ceftolozane/tazobactam
cetirizine hcl,cetirizine hcl
zyrtec-d,cetirizine hcl/pseudoephedrine
cevimeline hcl,cevimeline hcl
evoxac,cevimeline hcl
allerx pe,chlor-mal/phenyleph/methscop
chlor-mes d,chlor-mal/phenyleph/methscop
dallergy,chlor-mal/phenyleph/methscop
dallergy pe,chlor-mal/phenyleph/methscop
dehistine,chlor-mal/phenyleph/methscop
chloramphenicol sod succinate,chloramphenicol sod succ
chlordiazepoxide hcl,chlordiazepoxide hcl
trioxin,chloroxylenol/benzoc/hydrocort
zinotic,chloroxylenol/glyc/pramox/zinc
chloroxylenol-pramoxine hcl,chloroxylenol/pramoxine hcl
oticin,chloroxylenol/pramoxine hcl
pramotic,chloroxylenol/pramoxine hcl
atuss ds,chlorphen/pseudoeph/dm tannate
chlorphen-pse-dm tannate,chlorphen/pseudoeph/dm tannate
tussi-12,chlorpheniram-carbetapent tann
ed-chlor-tan,chlorpheniramine tannate
endacof-c,chlorpheniramine/codeine phos
z-tuss ac,chlorpheniramine/codeine phos
allerx df,chlorpheniramine/methscopolamn
allerx df 30,chlorpheniramine/methscopolamn
ryneze,chlorpheniramine/methscopolamn
capcof,chlorpheniramine/pe/codeine
c-phen dm,chlorpheniramine/phenyleph/dm
ceron-dm,chlorpheniramine/phenyleph/dm
corfen-dm,chlorpheniramine/phenyleph/dm
de-chlor dm,chlorpheniramine/phenyleph/dm
sildec pe-dm,chlorpheniramine/phenyleph/dm
ceron,chlorpheniramine/phenylephrine
nohist,chlorpheniramine/phenylephrine
sildec-pe,chlorpheniramine/phenylephrine
chlorpromazine hcl,chlorpromazine hcl
cholestyramine,cholestyramine (with sugar)
questran,cholestyramine (with sugar)
cholestyramine light,cholestyramine/aspartame
prevalite,cholestyramine/aspartame
questran light,cholestyramine/aspartame
choline mag trisalicylate,choline sal/mag salicylate
chorionic gonadotropin,"chorionic gonadotropin, human"
novarel,"chorionic gonadotropin, human"
pregnyl,"chorionic gonadotropin, human"
pedipirox-4,ciclopirox/nail lacq/ft deod#4
cnl 8,ciclopirox/nail lacquer removr
ciclodan,ciclopirox/skin cleanser no.28
ciclodan,ciclopirox/ure/camph/menth/euc
sensipar,cinacalcet hcl
cetraxal,ciprofloxacin hcl
ciloxan,ciprofloxacin hcl
cipro,ciprofloxacin hcl
ciprofloxacin hcl,ciprofloxacin hcl
ciprodex,ciprofloxacin hcl/dexameth
cipro i.v.,ciprofloxacin lactate/d5w
ciprofloxacin-d5w,ciprofloxacin lactate/d5w
ciprofloxacin er,ciprofloxacin/ciprofloxa hcl
cipro hc,ciprofloxacin/hydrocortisone
renacidin,citric acid/g-lactone/mag carb
cytra-2,citric acid/sodium citrate
liqui-dualcitra,citric acid/sodium citrate
oracit,citric acid/sodium citrate
sodium citrate & citric acid,citric acid/sodium citrate
cleocin hcl,clindamycin hcl
clindamycin hcl,clindamycin hcl
cleocin palmitate,clindamycin palmitate hcl
clindamycin palmitate hcl,clindamycin palmitate hcl
clindamycin pediatric,clindamycin palmitate hcl
acanya,clindamycin phos/benzoyl perox
benzaclin,clindamycin phos/benzoyl perox
clindamycin-benzoyl peroxide,clindamycin phos/benzoyl perox
clindamycin phos-benzoyl perox,clindamycin phos/benzoyl perox
duac,clindamycin phos/benzoyl perox
neuac,clindamycin phos/benzoyl perox
onexton,clindamycin phos/benzoyl perox
clindacin etz,clindamycin phos/skin clnsr 19
clindacin pac,clindamycin phos/skin clnsr 19
cleocin phosphate in d5w,clindamycin phosphate/d5w
clindamycin phosphate-d5w,clindamycin phosphate/d5w
duac cs,clindamycin/benzoyl prx/skn #5
veltin,clindamycin/tretinoin
ziana,clindamycin/tretinoin
clobeta + plus,clobetasol propionate/coal tar
clobetasol emollient,clobetasol propionate/emoll
clobetasol emulsion,clobetasol propionate/emoll
olux-e,clobetasol propionate/emoll
olux-olux-e,clobetasol propionate/emoll
temovate emollient,clobetasol propionate/emoll
clodan,clobetasol/skin cleanser #28
anafranil,clomipramine hcl
clomipramine hcl,clomipramine hcl
catapres,clonidine hcl
clonidine hcl,clonidine hcl
clonidine hcl er,clonidine hcl
kapvay,clonidine hcl
nexiclon xr,clonidine hcl
clorpres,clonidine hcl/chlorthalidone
clonidine hcl,clonidine hcl/pf
clotrimazole-betamethasone,clotrimazole/betamethasone dip
lotrisone,clotrimazole/betamethasone dip
cocaine hcl,cocaine hcl
ascomp with codeine,codeine/butalbital/asa/caffein
butalbital compound-codeine,codeine/butalbital/asa/caffein
fiorinal with codeine #3,codeine/butalbital/asa/caffein
carisoprodol-aspirin-codeine,codeine/carisoprodol/aspirin
carisoprodol compound-codeine,codeine/carisoprodol/aspirin
probenecid-colchicine,colchicine/probenecid
welchol,colesevelam hcl
colestid,colestipol hcl
colestipol hcl,colestipol hcl
colistimethate,colistin (colistimethate na)
coly-mycin m parenteral,colistin (colistimethate na)
santyl,collagenase clostridium hist.
xiaflex,collagenase clostridium hist.
cresylate,cresyl acetate
fulyzaq,crofelemer
eurax,crotamiton
cyanocobalamin injection,cyanocobalamin (vitamin b-12)
nascobal,cyanocobalamin (vitamin b-12)
cavan-x,cyanocobalamin/fa/pyridoxine
fabb,cyanocobalamin/fa/pyridoxine
folastin,cyanocobalamin/fa/pyridoxine
folbee,cyanocobalamin/fa/pyridoxine
folbic,cyanocobalamin/fa/pyridoxine
folcaps,cyanocobalamin/fa/pyridoxine
folgard rx,cyanocobalamin/fa/pyridoxine
folic acid-cyancobal-pyridoxin,cyanocobalamin/fa/pyridoxine
folic acid-vit b6-vit b12,cyanocobalamin/fa/pyridoxine
folplex 2.2,cyanocobalamin/fa/pyridoxine
foltx,cyanocobalamin/fa/pyridoxine
virt-vite,cyanocobalamin/fa/pyridoxine
virt-vite forte,cyanocobalamin/fa/pyridoxine
foltrate,cyanocobalamin/folic acid
neurin-sl,cyanocobalamin/mecobalamin
amrix,cyclobenzaprine hcl
cyclobenzaprine hcl,cyclobenzaprine hcl
fexmid,cyclobenzaprine hcl
flexeril,cyclobenzaprine hcl
ak-pentolate,cyclopentolate hcl
cyclogyl,cyclopentolate hcl
cyclopentolate hcl,cyclopentolate hcl
cyclomydril,cyclopentolate/phenylephrine
cyclosporine modified,"cyclosporine, modified"
gengraf,"cyclosporine, modified"
neoral,"cyclosporine, modified"
cyproheptadine hcl,cyproheptadine hcl
cystagon,cysteamine bitartrate
procysbi,cysteamine bitartrate
cystaran,cysteamine hcl
l-cysteine,cysteine hcl
depocyt,cytarabine liposome/pf
cytogam,cytomegalovirus immune globuln
dalvance,dalbavancin hcl
fragmin,"dalteparin sodium,porcine"
xigduo xr,dapagliflozin/metformin hcl
aranesp,darbepoetin alfa in albumn sol
aranesp,darbepoetin alfa in polysorbat
prezcobix,darunavir/cobicistat
demeclocycline hcl,demeclocycline hcl
desipramine hcl,desipramine hcl
norpramin,desipramine hcl
clarinex-d 12 hour,desloratadine/pseudoephedrine
clarinex-d 24 hour,desloratadine/pseudoephedrine
ddavp,desmopressin (nonrefrigerated)
azurette,desog-e.estradiol/e.estradiol
desogestr-eth estrad eth estra,desog-e.estradiol/e.estradiol
kariva,desog-e.estradiol/e.estradiol
kimidess,desog-e.estradiol/e.estradiol
mircette,desog-e.estradiol/e.estradiol
pimtrea,desog-e.estradiol/e.estradiol
viorele,desog-e.estradiol/e.estradiol
apri,desogestrel-ethinyl estradiol
caziant,desogestrel-ethinyl estradiol
cesia,desogestrel-ethinyl estradiol
cyclessa,desogestrel-ethinyl estradiol
desogen,desogestrel-ethinyl estradiol
desogestrel-ethinyl estradiol,desogestrel-ethinyl estradiol
emoquette,desogestrel-ethinyl estradiol
enskyce,desogestrel-ethinyl estradiol
ortho-cept,desogestrel-ethinyl estradiol
reclipsen,desogestrel-ethinyl estradiol
solia,desogestrel-ethinyl estradiol
velivet,desogestrel-ethinyl estradiol
desowen,desonide/emollient combo.no 28
desowen,desonide/emollient combo.no 30
desvenlafaxine fumarate er,desvenlafaxine fumarate
rescon-jr.,dexchlorphenir/phenylephrine
corzall-pe,dexchlorpheniram-pe-carbetapen
dexmethylphenidate hcl,dexmethylphenidate hcl
dexmethylphenidate hcl er,dexmethylphenidate hcl
focalin,dexmethylphenidate hcl
focalin xr,dexmethylphenidate hcl
adderall,dextroamphetamine/amphetamine
adderall xr,dextroamphetamine/amphetamine
amphetamine salt combo,dextroamphetamine/amphetamine
dextroamphetamine-amphet er,dextroamphetamine/amphetamine
dextroamphetamine-amphetamine,dextroamphetamine/amphetamine
nuedexta,dextromethorphan hbr/quinidine
dextrose 10%-0.45% nacl,dextrose 10 % and 0.45 % nacl
dextrose in water,dextrose 10 % in water
dextrose 2.5%-0.45% nacl,dextrose 2.5 % and 0.45 % nacl
dextrose in water,dextrose 40 % in water
dextrose 5%-0.2% nacl,dextrose 5 %-0.2 % nacl
dextrose 5%-0.225% nacl,dextrose 5 %-0.2 % nacl
dextrose 5%-0.45% nacl,dextrose 5 %-0.45 % nacl
dextrose 5%-0.3% nacl,dextrose 5 % and 0.3 % nacl
dextrose 5%-0.9% nacl,dextrose 5 % and 0.9 % nacl
dextrose in water,dextrose 5 % in water
dextrose in lactated ringers,dextrose 5%-lactated ringers
dextrose in water,dextrose 50 % in water
dextrose in water,dextrose 70 % in water
acetaminoph-caff-dihydrocodein,dhcodeine bt/acetaminophn/caff
dihydrocodein-acetaminoph-caff,dhcodeine bt/acetaminophn/caff
trezix,dhcodeine bt/acetaminophn/caff
zerlor,dhcodeine bt/acetaminophn/caff
flector,diclofenac epolamine
arthrotec 50,diclofenac sodium/misoprostol
arthrotec 75,diclofenac sodium/misoprostol
diclofenac sodium-misoprostol,diclofenac sodium/misoprostol
zorvolex,diclofenac submicronized
dermasilkrx diclopak,diclofenac/capsicum
bentyl,dicyclomine hcl
dicyclomine hcl,dicyclomine hcl
diethylpropion hcl,diethylpropion hcl
diethylpropion hcl er,diethylpropion hcl
motofen,difenoxin hcl/atropine sulfate
apexicon e,diflorasone diacetate/emoll
aspirin-caffeine-dihydrocodein,dihydrocodeine/aspirin/caffein
synalgos-dc,dihydrocodeine/aspirin/caffein
dihydro-cp,dihydrocodeine/cpm/pseudoephed
j-max dhc,dihydrocodeine/guaifenesin
cardizem,diltiazem hcl
cardizem cd,diltiazem hcl
cardizem la,diltiazem hcl
cartia xt,diltiazem hcl
dilacor xr,diltiazem hcl
dilt-cd,diltiazem hcl
dilt-xr,diltiazem hcl
diltia xt,diltiazem hcl
diltiazem 12hr er,diltiazem hcl
diltiazem 24hr cd,diltiazem hcl
diltiazem 24hr er,diltiazem hcl
diltiazem er,diltiazem hcl
diltiazem hcl,diltiazem hcl
diltzac er,diltiazem hcl
matzim la,diltiazem hcl
taztia xt,diltiazem hcl
tiazac,diltiazem hcl
dimenhydrinate,dimenhydrinate
vasculera,diosmin complex no.1
nuquin hp,dioxybenzone/pdo/hydroquinone
kinrix,"diph,pertus(acel),tet,polio/pf"
daptacel dtap,"diph,pertuss(acell),tet ped/pf"
infanrix dtap,"diph,pertuss(acell),tet ped/pf"
infanrix pf,"diph,pertuss(acell),tet ped/pf"
tripedia,"diph,pertuss(acell),tet ped/pf"
adacel tdap,"diph,pertuss(acell),tet vac/pf"
diphenhydramine hcl,diphenhydramine hcl
diphenhydramine min-i-jet,diphenhydramine hcl
dytuss,diphenhydramine hcl
diphenoxylate-atropine,diphenoxylate hcl/atropine
diphenoxylate w/atropine,diphenoxylate hcl/atropine
lomotil,diphenoxylate hcl/atropine
lonox,diphenoxylate hcl/atropine
boostrix,"diphth,pertuss(acell),tet vac"
boostrix tdap,"diphth,pertuss(acell),tet vac"
respa c&c ir,dm/pe/acetaminoph/diphenhydram
dobutamine hcl,dobutamine hcl
dobutamine hcl in dextrose,dobutamine hcl/d5w
aricept,donepezil hcl
aricept odt,donepezil hcl
donepezil hcl,donepezil hcl
donepezil hcl odt,donepezil hcl
dopamine hcl,dopamine hcl
dopamine hcl in 5% dextrose,dopamine hcl/d5w
dorzolamide hcl,dorzolamide hcl
trusopt,dorzolamide hcl
cosopt,dorzolamide hcl/timolol maleat
dorzolamide-timolol,dorzolamide hcl/timolol maleat
cosopt pf,dorzolamide/timolol/pf
doxepin hcl,doxepin hcl
prudoxin,doxepin hcl
silenor,doxepin hcl
zonalon,doxepin hcl
adriamycin,doxorubicin hcl
doxorubicin hcl,doxorubicin hcl
doxil,doxorubicin hcl peg-liposomal
doxorubicin hcl liposome,doxorubicin hcl peg-liposomal
lipodox,doxorubicin hcl peg-liposomal
ocudox,doxy/eyelid clns #3/eye eml #1
adoxa,doxycycline monohydrate
doxycycline ir-dr,doxycycline monohydrate
doxycycline monohydrate,doxycycline monohydrate
monodox,doxycycline monohydrate
oracea,doxycycline monohydrate
vibramycin,doxycycline monohydrate
morgidox,doxycycline/skin cleanser #19
pentacel,dp(a)t-polio/hib conj-tet/pf
trihibit,dp(a)t ped/hib conj-tet/pf
multaq,dronedarone hcl
beyaz,drospir/eth estra/levomefol ca
safyral,drospir/eth estra/levomefol ca
angeliq,drospirenone/estradiol
cymbalta,duloxetine hcl
duloxetine hcl,duloxetine hcl
dutasteride-tamsulosin,dutasteride/tamsulosin hcl
jalyn,dutasteride/tamsulosin hcl
renax,"e ac succ/fa/vit bcomp,c/zn/se"
savaysa,edoxaban tosylate
atripla,efavirenz/emtricitab/tenofovir
vaniqa,eflornithine hcl
plasma-lyte a ph 7.4,electrolyte-a solution
relpax,eletriptan hbr
genvoya,elviteg/cobi/emtric/tenofo ala
stribild,elvitegr/cobicist/emtric/tenof
eletone,emollient combination no. 25
glyxambi,empagliflozin/linagliptin
synjardy,empagliflozin/metformin hcl
complera,emtricitab/rilpivirine/tenofov
truvada,emtricitabine/tenofovir
enalapril-hydrochlorothiazide,enalapril/hydrochlorothiazide
vaseretic,enalapril/hydrochlorothiazide
enalaprilat,enalaprilat dihydrate
elestat,epinastine hcl
epinastine hcl,epinastine hcl
adrenalin chloride,epinephrine hcl
ellence,epirubicin hcl
epirubicin hcl,epirubicin hcl
veletri,epoprostenol sodium (arginine)
flolan,epoprostenol sodium (glycine)
teveten hct,eprosartan/hydrochlorothiazide
drisdol,ergocalciferol (vitamin d2)
ergocalciferol (vitamin d2),ergocalciferol (vitamin d2)
vitamin d,ergocalciferol (vitamin d2)
vitamin d2,ergocalciferol (vitamin d2)
cafergot,ergotamine tartrate/caffeine
ergotamine-caffeine,ergotamine tartrate/caffeine
migergot,ergotamine tartrate/caffeine
tarceva,erlotinib hcl
erythromycin-sulfisoxazole,ery e-succ/sulfisoxazole
akne-mycin,erythromycin base
ery-tab,erythromycin base
ilotycin,erythromycin base
pce,erythromycin base
ery,erythromycin base/ethanol
erygel,erythromycin base/ethanol
benzamycin,erythromycin/benzoyl peroxide
benzamycinpak,erythromycin/benzoyl peroxide
erythromycin-benzoyl peroxide,erythromycin/benzoyl peroxide
natazia,estradiol valerate/dienogest
climara pro,estradiol/levonorgestrel
activella,estradiol/norethindrone acet
combipatch,estradiol/norethindrone acet
estradiol-norethindrone acetat,estradiol/norethindrone acet
lopreeza,estradiol/norethindrone acet
mimvey,estradiol/norethindrone acet
mimvey lo,estradiol/norethindrone acet
prefest,estradiol/norgestimate
premphase,"estrogen,con/m-progest acet"
prempro,"estrogen,con/m-progest acet"
cenestin,"estrogens,conj.,synthetic a"
enjuvia,"estrogens,conj.,synthetic b"
duavee,"estrogens,conj/bazedoxifene"
menest,"estrogens,esterified"
ethambutol hcl,ethambutol hcl
myambutol,ethambutol hcl
drospirenone-ethinyl estradiol,ethinyl estradiol/drospirenone
gianvi,ethinyl estradiol/drospirenone
loryna,ethinyl estradiol/drospirenone
nikki,ethinyl estradiol/drospirenone
ocella,ethinyl estradiol/drospirenone
syeda,ethinyl estradiol/drospirenone
vestura,ethinyl estradiol/drospirenone
yasmin 28,ethinyl estradiol/drospirenone
yaz,ethinyl estradiol/drospirenone
zarah,ethinyl estradiol/drospirenone
"alcohol,dehydrated",ethyl alcohol
kelnor 1-35,ethynodiol d-ethinyl estradiol
kelnor 1/35,ethynodiol d-ethinyl estradiol
zovia 1-35e,ethynodiol d-ethinyl estradiol
zovia 1-50e,ethynodiol d-ethinyl estradiol
nuvaring,etonogestrel/ethinyl estradiol
bydureon,exenatide microspheres
bydureon pen,exenatide microspheres
freshkote,eye lubricant combination no.1
liptruzet,ezetimibe/atorvastatin calcium
vytorin,ezetimibe/simvastatin
cardiotek-rx,fa/arginine hcl/b12/b6/pep ex
udamin,fa/multivit-min/min aa chel
corvita,fa/mvi ther-min/lycopene/lut
corvite,fa/mvi ther-min/lycopene/lut
vitafol,fe fumarate/cal/e/fa/multivit
ed cyte f,fe fumarate/docusate sodium/fa
nephron fa,"fe fumarate/doss/fa/bcomp,c"
centratex,"fe fumarate/fa/mv, min comb#15"
hemocyte plus,"fe fumarate/fa/mv, min comb#15"
reocyte plus,"fe fumarate/fa/mv, min comb#15"
dualvit f,fe fumarate/iron ps cplx/fa
ferocon,fe fumarate/vit c/b12-if/fa
ferotrin,fe fumarate/vit c/b12-if/fa
ferotrinsic,fe fumarate/vit c/b12-if/fa
foltrin,fe fumarate/vit c/b12-if/fa
tl icon,fe fumarate/vit c/b12-if/fa
tricon,fe fumarate/vit c/b12-if/fa
hematogen,fe fumarate/vit c/b12/stomc
enlyte,fe/fa/dha/epa/fad/nadh/be/mv47
tricor,fenofibrate nanocrystallized
triglide,fenofibrate nanocrystallized
antara,"fenofibrate,micronized"
lofibra,"fenofibrate,micronized"
fenofibric acid,fenofibric acid
fibricor,fenofibric acid
fenofibric acid,fenofibric acid (choline)
trilipix,fenofibric acid (choline)
sublimaze,fentanyl citrate/pf
hematinic with folic acid,ferrous fumarate/folic acid
hemocyte-f,ferrous fumarate/folic acid
fetrin,ferrous fumarate/vit c/b12-if
fumatinic,ferrous fumarate/vit c/b12-if
folitab 500,ferrous sulfate/vit c/fa
tl-fol 500,ferrous sulfate/vit c/fa
allegra,fexofenadine hcl
allegra odt,fexofenadine hcl
fexofenadine hcl,fexofenadine hcl
allegra-d 12 hour,fexofenadine/pseudoephedrine
allegra-d 24 hour,fexofenadine/pseudoephedrine
fexofenadine-pse er,fexofenadine/pseudoephedrine
zarxio,filgrastim-sndz
gilenya,fingolimod hcl
flavoxate hcl,flavoxate hcl
numoisyn,flaxseed
tears again hydrate,flaxseed/evening prim/bilberry
fluconazole in dextrose,"fluconazole in dextrose,iso-os"
diflucan in saline,"fluconazole in nacl,iso-osm"
fluconazole-nacl,"fluconazole in nacl,iso-osm"
fluconazole in saline,"fluconazole in nacl,iso-osm"
aerobid-m,flunisolide/menthol
dermotic,fluocinolone acetonide oil
fluocinolone acetonide oil,fluocinolone acetonide oil
synalar,fluocinolone/emol cmb#65
derma-smoothe-fs,fluocinolone/shower cap
synalar ts,fluocinolone/skin clnsr28
tri-luma,fluocinolone/tretinoin/h-quin
fluocinonide-e,fluocinonide/emollient base
fluocinonide emollient,fluocinonide/emollient base
tri-vit with fluoride-iron,"fluoride/iron/vitamins a,c,d"
fluoxetine dr,fluoxetine hcl
fluoxetine hcl,fluoxetine hcl
prozac,fluoxetine hcl
prozac weekly,fluoxetine hcl
sarafem,fluoxetine hcl
fluphenazine hcl,fluphenazine hcl
flurazepam hcl,flurazepam hcl
advair diskus,fluticasone/salmeterol
advair hfa,fluticasone/salmeterol
breo ellipta,fluticasone/vilanterol
virt-vite plus,folic acid/b complex & c no.17
dialyvite 3000,folic acid/b cplx/c/selen/zinc
b-plex,"folic acid/vit bcomp,c"
dialyvite,"folic acid/vit bcomp,c"
folbee plus,"folic acid/vit bcomp,c"
diatx zn,"folic acid/vit bcomp,c/cu/znox"
folbee plus cz,"folic acid/vit bcomp,c/cu/znox"
lazerformalyde,formaldehyde
fosinopril-hydrochlorothiazide,fosinopril/hydrochlorothiazide
horizant,gabapentin enacarbil
galantamine hbr,galantamine hbr
razadyne,galantamine hbr
razadyne er,galantamine hbr
band-aid gauze pads,gauze bandage
curad gauze pads,gauze bandage
curity,gauze bandage
gauze bandage,gauze bandage
gauze pads,gauze bandage
steri-pad,gauze bandage
sterile pads,gauze bandage
gemcitabine hcl,gemcitabine hcl
gemzar,gemcitabine hcl
fosteum,genistein/cit zn bisgly/vit d3
vp-gstn,genistein/cit zn bisgly/vit d3
gentamicin sulfate in ns,"gentamicin in nacl, iso-osm"
pred-g,gentamicin/prednisol ac
glipizide-metformin,glipizide/metformin hcl
metaglip,glipizide/metformin hcl
glucagen,"glucagon,human recombinant"
glucagon emergency kit,"glucagon,human recombinant"
glyburide micronized,"glyburide,micronized"
glynase,"glyburide,micronized"
glucovance,glyburide/metformin hcl
glyburide-metformin hcl,glyburide/metformin hcl
granisetron hcl,granisetron hcl
granisol,granisetron hcl
kytril,granisetron hcl
granisetron hcl,granisetron hcl/pf
grastek,"grass pollen-timothy, standard"
gris-peg,griseofulvin ultramicrosize
griseofulvin ultramicrosize,griseofulvin ultramicrosize
grifulvin v,"griseofulvin, microsize"
broncomar-1,guaifen/theop anhyd/p-ephed
exall,guaifenesin/carbetapentane cit
cheratussin ac,guaifenesin/codeine phosphate
dex-tuss,guaifenesin/codeine phosphate
gani-tuss nr,guaifenesin/codeine phosphate
guaifenesin-codeine,guaifenesin/codeine phosphate
guaifenesin ac,guaifenesin/codeine phosphate
iophen-c nr,guaifenesin/codeine phosphate
m-clear wc,guaifenesin/codeine phosphate
relcof c,guaifenesin/codeine phosphate
robafen ac,guaifenesin/codeine phosphate
z-tuss dm,guaifenesin/d-methorphan hb/pe
gani-tuss-dm nr,guaifenesin/dextromethorphan
iophen dm-nr,guaifenesin/dextromethorphan
60pse-400gfn-20dm,guaifenesin/dm/pseudoephedrine
difil-g 400,guaifenesin/dyphylline
dilex-g 200,guaifenesin/dyphylline
dyphylline gg,guaifenesin/dyphylline
gilphex tr,guaifenesin/phenylephrine hcl
guanabenz acetate,guanabenz acetate
guanfacine hcl,guanfacine hcl
guanfacine hcl er,guanfacine hcl
intuniv,guanfacine hcl
guanidine hcl,guanidine hcl
acthib,haemoph b poly conj-tet tox/pf
pedvaxhib,haemph b polysac conj-menin/pf
halac,halobetasol/ammonium lactate
halonate,halobetasol/ammonium lactate
halonate pac,halobetasol/ammonium lactate
ultravate pac,halobetasol/ammonium lactate
ultravate x,halobetasol/lactic acid
pediarix,hep b vaccine/dp(a)t-polio/pf
comvax,hep b vaccine/hib conj-meng/pf
heparin sodium in 0.45% nacl,"heparin sod,pork in 0.45% nacl"
heparin sodium-d5w,"heparin sodium,porcine/d5w"
twinrix,hepatitis a & b vaccine/pf
havrix,hepatitis a virus vaccine/pf
vaqta,hepatitis a virus vaccine/pf
hepagam b,hepatitis b immun glob/maltose
engerix-b,"hepatitis b virus vaccine,recb"
engerix-b,hepatitis b virus vaccine/pf
engerix-b adult,hepatitis b virus vaccine/pf
engerix-b pediatric-adolescent,hepatitis b virus vaccine/pf
recombivax hb,hepatitis b virus vaccine/pf
hiberix,hib conj-tet tox(15mos-4yr)/pf
vantas,histrelin ac
homatropaire,homatropine hbr
isopto homatropine,homatropine hbr
gardasil 9,hpv vaccine 9-valent/pf
gardasil,"human papilomvirus vac,qval/pf"
hydralazine hcl,hydralazine hcl
hydrocodone-homatropine mbr,hydrocodone bit/homatrop me-br
hydrocodone bt-homatropine mbr,hydrocodone bit/homatrop me-br
hydromet,hydrocodone bit/homatrop me-br
tussigon,hydrocodone bit/homatrop me-br
co-gesic,hydrocodone/acetaminophen
hycet,hydrocodone/acetaminophen
hydrocodone-acetaminophen,hydrocodone/acetaminophen
hydrogesic,hydrocodone/acetaminophen
lorcet 10-650,hydrocodone/acetaminophen
lorcet plus,hydrocodone/acetaminophen
lortab,hydrocodone/acetaminophen
margesic h,hydrocodone/acetaminophen
maxidone,hydrocodone/acetaminophen
norco,hydrocodone/acetaminophen
polygesic,hydrocodone/acetaminophen
stagesic,hydrocodone/acetaminophen
vicodin,hydrocodone/acetaminophen
vicodin es,hydrocodone/acetaminophen
vicodin hp,hydrocodone/acetaminophen
xodol 10-300,hydrocodone/acetaminophen
xodol 5-300,hydrocodone/acetaminophen
xodol 7.5-300,hydrocodone/acetaminophen
zamicet,hydrocodone/acetaminophen
zolvit,hydrocodone/acetaminophen
zydone,hydrocodone/acetaminophen
hydrocodone-chlorpheniramne er,hydrocodone/chlorphen p-stirex
tussicaps,hydrocodone/chlorphen p-stirex
tussionex,hydrocodone/chlorphen p-stirex
vituz,hydrocodone/chlorpheniramine
zutripro,hydrocodone/cpm/pseudoephed
hydrocodone-ibuprofen,hydrocodone/ibuprofen
hydrocodone bit-ibuprofen,hydrocodone/ibuprofen
ibudone,hydrocodone/ibuprofen
reprexain,hydrocodone/ibuprofen
vicoprofen,hydrocodone/ibuprofen
xylon 10,hydrocodone/ibuprofen
carmol hc,hydrocortisone acetate/urea
u-cort,hydrocortisone acetate/urea
locoid lipocream,hydrocortisone butyrate/emoll
solu-cortef,hydrocortisone sod succ/pf
a-hydrocort,hydrocortisone sod succinate
solu-cortef,hydrocortisone sod succinate
pediaderm hc,hydrocortisone/emol no.45
ana-lex,hydrocortisone/lidocaine/aloe
lidocaine-hydrocortisone,hydrocortisone/lidocaine/aloe
analpram hc,hydrocortisone/pramoxine
epifoam,hydrocortisone/pramoxine
pramcort,hydrocortisone/pramoxine
pramosone,hydrocortisone/pramoxine
proctofoam-hc,hydrocortisone/pramoxine
dermasorb hc,hydrocortisone/skin clnsr #35
dilaudid,hydromorphone hcl
dilaudid-5,hydromorphone hcl
exalgo,hydromorphone hcl
hydromorphone er,hydromorphone hcl
hydromorphone hcl,hydromorphone hcl
dilaudid,hydromorphone hcl/pf
dilaudid-hp,hydromorphone hcl/pf
hydromorphone hcl,hydromorphone hcl/pf
lacrisert,hydroxypropyl cellulose
hydroxyzine hcl,hydroxyzine hcl
gastrinex nf,hyoscyamine sulfate/phenyltolx
atrapro dermal spray,hypoc acid/sod hypo/nacl/water
duexis,ibuprofen/famotidine
oxycodone hcl-ibuprofen,ibuprofen/oxycodone hcl
vascepa,icosapent ethyl
hyqvia,"igg/hyaluronidase,recombinant"
imipenem-cilastatin sodium,imipenem/cilastatin sodium
primaxin,imipenem/cilastatin sodium
primaxin i.m.,imipenem/cilastatin sodium
imipramine hcl,imipramine hcl
tofranil,imipramine hcl
flebogamma dif,imm glob g (igg)/sorb/iga 0-50
bivigam,immun glob g (igg)/gly/iga 50+
gammagard liquid,immun glob g (igg)/gly/iga 50+
gammaked,immun glob g (igg)/gly/iga 50+
gamunex,immun glob g (igg)/gly/iga 50+
gamunex-c,immun glob g (igg)/gly/iga 50+
octagam,immun glob g(igg)/malt/iga 50+
hizentra,immun glob g(igg)/pro/iga 0-50
privigen,immun glob g(igg)/pro/iga 0-50
flebogamma dif,immun glob g(igg)/sorb/iga 50+
carimune nf nanofiltered,immun glob g(igg)/sucr/iga 50+
gammagard s-d,immun glob g/gly/gluc/iga 0-50
gammaplex,immun glob g/sorb/gly/iga 0-50
gamastan s-d,immune globul g (igg)/glycine
vivaglobin,"immune globulin,gamma(igg)"
xeomin,incobotulinumtoxina
tivorbex,"indomethacin, submicronized"
humapen luxura hd,insulin admin. supplies
humapen memoir,insulin admin. supplies
novopen 3,insulin admin. supplies
novopen echo,insulin admin. supplies
novopen jr,insulin admin. supplies
novolog mix 70-30,insulin aspart protam & aspart
novolog mix 70-30 flexpen,insulin aspart protam & aspart
lantus/lantus solostar,"insulin glargine,hum.rec.anlog"
toujeo solostar,"insulin glargine,hum.rec.anlog"
humalog mix 50-50,insulin lispro protamin/lispro
humalog mix 50-50 kwikpen,insulin lispro protamin/lispro
humalog mix 75-25,insulin lispro protamin/lispro
humalog mix 75-25 kwikpen,insulin lispro protamin/lispro
humulin 50-50,insulin nph hum/reg insulin hm
humulin 70-30,insulin nph hum/reg insulin hm
humulin 70/30 kwikpen,insulin nph hum/reg insulin hm
novolin 70-30,insulin nph hum/reg insulin hm
novolin 70-30 innolet,insulin nph hum/reg insulin hm
humulin n,insulin nph human isophane
humulin n kwikpen,insulin nph human isophane
novolin n,insulin nph human isophane
novolin n innolet,insulin nph human isophane
omnipod,insulin pump cartridge
afrezza,"insulin regular, human"
humulin r,"insulin regular, human"
humulin r u-500,"insulin regular, human"
novolin r,"insulin regular, human"
intron a,"interferon alfa-2b,recomb."
avonex administration pack,interferon beta-1a/albumin
rebif,interferon beta-1a/albumin
rebif rebidose,interferon beta-1a/albumin
actimmune,"interferon gamma-1b,recomb."
aloquin,iodoquinol/aloe polysacchar #1
combivent,ipratropium/albuterol sulfate
combivent respimat,ipratropium/albuterol sulfate
duoneb,ipratropium/albuterol sulfate
ipratropium-albuterol,ipratropium/albuterol sulfate
avalide,irbesartan/hydrochlorothiazide
irbesartan-hydrochlorothiazide,irbesartan/hydrochlorothiazide
camptosar,irinotecan hcl
irinotecan hcl,irinotecan hcl
corvite fe,"iron &iron asp gly/fa/mv,min27"
ferrex 28,iron ag&fum/c/fa/mv cmb11/ca-t
se-vate 21-7,iron ag&fum/c/fa/mv cmb11/ca-t
multigen,iron ag/c/b12/ca/suc.acid/stom
ferrex 150 forte plus,iron aspgly&ps/c/b12/fa/ca/suc
multigen folic,iron aspgly/c/b12/fa/ca-th/suc
maxaron forte,"iron bg,ps/vitc/b12/fa/calcium"
taron forte,"iron bg,ps/vitc/b12/fa/calcium"
irospan,iron bisgly & ps/fa/b&c#12/suc
ferralet 90,"iron carb,gl/fa/b12/c/docusate"
natalvirt flt,"iron carb,gl/fa/b12/c/docusate"
dexferrum,iron dextran complex
infed,iron dextran complex
multigen plus,iron fum & ag/c/b12/fa/ca/succ
folivane-f,iron fum & ps cmp/fa/vit c/b3
integra f,iron fum & ps cmp/fa/vit c/b3
dualvit plus,iron fum&polysac#1/fa/mv no.18
purevit dualfe plus,iron fum&polysac#1/fa/mv no.18
se-tan plus,iron fum&polysac#1/fa/mv no.18
tandem plus,iron fum&polysac#1/fa/mv no.18
folivane-plus,"iron fum,ps/fa/vit b with c #9"
integra plus,"iron fum,ps/fa/vit b with c #9"
ferrogels forte,iron fumarate/vit c/vit b12/fa
hematogen fa,iron fumarate/vit c/vit b12/fa
hematogen forte,iron fumarate/vit c/vit b12/fa
trigels-f forte,iron fumarate/vit c/vit b12/fa
maxaron forte,"iron gly,fum/c/b12/me-thfolate"
proferrin-forte,iron heme polypeptide/folic ac
bifera rx,iron polysac/iron heme/fa/b12
hemetab,iron polysac/iron heme/fa/b12
novaferrum,iron ps cmplx/folic acid/vit c
ferrex 150 forte,iron ps cmplx/vit b12/fa
iferex 150 forte,iron ps cmplx/vit b12/fa
poly-iron 150 forte,iron ps cmplx/vit b12/fa
venofer,iron sucrose complex
corvita 150,"iron, carbonyl/fa/c/b-6/b12/zn"
corvite 150,"iron, carbonyl/fa/c/b-6/b12/zn"
hematron-af,"iron,carb/dss/b12if/fa/mv-mn"
hemax,"iron,carb/dss/b12if/fa/mv-mn"
tl-hem 150,"iron,carb/dss/b12if/fa/mv-mn"
corvite fe,"iron,carb/fa#6/mv, min no.40"
corvite 150,"iron,carb/fa#6/mv, min no.41"
elite-ob,"iron,carbonyl/fa/multivit-min"
ob complete,"iron,carbonyl/fa/multivit-min"
fe c plus,"iron,carbonyl/vit c/vit b12/fa"
icar-c plus,"iron,carbonyl/vit c/vit b12/fa"
icar-c plus sr,"iron,carbonyl/vit c/vit b12/fa"
fusion plus,"iron,fum&ps/fa/vit b&c#18/l.ca"
ferraplus 90,iron/fa/b12/c/docusate sodium
ferrocite plus,"iron/fa/vit bcomp,c/minerals"
hematinic plus,"iron/fa/vit bcomp,c/minerals"
siderol,"iron/liver ext/vit bcomp,c/min"
cresemba,isavuconazonium sulfate
bidil,isosorb dinit/hydralazine hcl
corlanor,ivabradine hcl
ixiaro,japanese encephalitis vacc/pf
ketodan,ketoconazole/skin cleanser #28
acuvail,ketorolac tromethamine/pf
amethia,l-norgest/e.estradion-e.estrad
amethia lo,l-norgest/e.estradion-e.estrad
ashlyna,l-norgest/e.estradion-e.estrad
camrese,l-norgest/e.estradion-e.estrad
camrese lo,l-norgest/e.estradion-e.estrad
daysee,l-norgest/e.estradion-e.estrad
levonorg-eth estrad eth estrad,l-norgest/e.estradion-e.estrad
loseasonique,l-norgest/e.estradion-e.estrad
quartette,l-norgest/e.estradion-e.estrad
seasonique,l-norgest/e.estradion-e.estrad
rezyst im,l.acidophilus/b.bifidum&longum
labetalol hcl,labetalol hcl
trandate,labetalol hcl
vsl#3 ds,lactobac #2-s. therm-bifido #1
combivir,lamivudine/zidovudine
lamivudine-zidovudine,lamivudine/zidovudine
bd ultra-fine ii,lancets
lansoprazol-amoxicil-clarithro,lansoprazole/amoxiciln/clarith
prevpac,lansoprazole/amoxiciln/clarith
harvoni,ledipasvir/sofosbuvir
refludan,"lepirudin,recombinant"
lupaneta pack,leuprolide/norethindrone acet
levalbuterol concentrate,levalbuterol hcl
levalbuterol hcl,levalbuterol hcl
xopenex,levalbuterol hcl
xopenex concentrate,levalbuterol hcl
xopenex hfa,levalbuterol tartrate
levetiracetam-nacl,levetiracetam in nacl (iso-os)
betagan,levobunolol hcl
levobunolol hcl,levobunolol hcl
carnitor,levocarnitine (with sugar)
levocetirizine dihydrochloride,levocetirizine dihydrochloride
xyzal,levocetirizine dihydrochloride
levaquin,levofloxacin/d5w
levofloxacin-d5w,levofloxacin/d5w
deplin,levomefolate calcium
l-methylfolate,levomefolate calcium
l-methylfolate calcium,levomefolate calcium
deplin-algal oil,levomefolate/algal oil
l-methylfolate forte,levomefolate/algal oil
foltanx rf,levomefolate/b6/b12/algal oil
metanx,levomefolate/b6/b12/algal oil
fetzima,levomilnacipran hydrochloride
altavera,levonorgestrel-ethin estradiol
amethyst,levonorgestrel-ethin estradiol
aviane,levonorgestrel-ethin estradiol
enpresse,levonorgestrel-ethin estradiol
falmina,levonorgestrel-ethin estradiol
introvale,levonorgestrel-ethin estradiol
jolessa,levonorgestrel-ethin estradiol
kurvelo,levonorgestrel-ethin estradiol
lessina,levonorgestrel-ethin estradiol
levonest,levonorgestrel-ethin estradiol
levonorgestrel-eth estradiol,levonorgestrel-ethin estradiol
levora-28,levonorgestrel-ethin estradiol
lutera,levonorgestrel-ethin estradiol
lybrel,levonorgestrel-ethin estradiol
marlissa,levonorgestrel-ethin estradiol
myzilra,levonorgestrel-ethin estradiol
nordette-28,levonorgestrel-ethin estradiol
orsythia,levonorgestrel-ethin estradiol
portia,levonorgestrel-ethin estradiol
quasense,levonorgestrel-ethin estradiol
seasonale,levonorgestrel-ethin estradiol
sronyx,levonorgestrel-ethin estradiol
trivora-28,levonorgestrel-ethin estradiol
levorphanol tartrate,levorphanol tartrate
glydo,lidocaine hcl
lidamantle,lidocaine hcl
lidocaine hcl,lidocaine hcl
lidocaine hcl viscous,lidocaine hcl
lidorx,lidocaine hcl
xylocaine,lidocaine hcl
xylocaine viscous,lidocaine hcl
lidocaine hcl-epinephrine,lidocaine hcl/epinephrine
xylocaine with epinephrine,lidocaine hcl/epinephrine
xylocaine-mpf with epinephrine,lidocaine hcl/epinephrine/pf
advanced dna medicated collect,lidocaine hcl/glycerin
elenzapatch,lidocaine hcl/menthol
reciphexamine,lidocaine hcl/menthol
akten,lidocaine hcl/pf
lidocaine hcl,lidocaine hcl/pf
xylocaine-mpf,lidocaine hcl/pf
anamantle hc,lidocaine/hydrocortisone ac
lidamantle hc,lidocaine/hydrocortisone ac
lidazone hc,lidocaine/hydrocortisone ac
lidocaine-hc,lidocaine/hydrocortisone ac
lidocaine-hydrocortisone,lidocaine/hydrocortisone ac
emla,lidocaine/prilocaine
lidocaine-prilocaine,lidocaine/prilocaine
livixil pak,lidocaine/prilocaine
relador pak,lidocaine/prilocaine
synera,lidocaine/tetracaine
jentadueto,linagliptin/metformin hcl
lincocin,lincomycin hcl
linezolid-0.9% nacl,linezolid-0.9% sodium chloride
thyrolar-1/2,liotrix
thyrolar-2,liotrix
creon,lipase/protease/amylase
pancreaze,lipase/protease/amylase
"pancrelipase 5,000",lipase/protease/amylase
pertzye,lipase/protease/amylase
ultresa,lipase/protease/amylase
viokace,lipase/protease/amylase
zenpep,lipase/protease/amylase
lisinopril-hctz,lisinopril/hydrochlorothiazide
lisinopril-hydrochlorothiazide,lisinopril/hydrochlorothiazide
prinzide,lisinopril/hydrochlorothiazide
zestoretic,lisinopril/hydrochlorothiazide
nexavir,liver extract (beef-pork)
cerefolin nac,lmfol ca/acetyl/mb12/algal oil
metafolbic plus rf,lmfol ca/acetyl/mb12/algal oil
kaletra,lopinavir/ritonavir
belviq,lorcaserin hcl
hyzaar,losartan/hydrochlorothiazide
losartan-hydrochlorothiazide,losartan/hydrochlorothiazide
orkambi,lumacaftor/ivacaftor
latuda,lurasidone hcl
lysiplex plus,"lysine/vit e/fa/vit bcomp,c/zn"
nicomide,m-tetrahyrofolate/niacin/cu/zn
mst 600,magnesium salicylate
magnesium sulfate-d5w,magnesium sulfate/d5w
maprotiline hcl,maprotiline hcl
m-m-r ii vaccine,"measles,mumps&rubella vacc/pf"
proquad,"measles,mumps,rub,varicella/pf"
vecamyl,mecamylamine hcl
mustargen,mechlorethamine hcl
valchlor,mechlorethamine hcl
antivert,meclizine hcl
meclizine hcl,meclizine hcl
duleek-met new,mecobal/levomefolat ca/b6 phos
foltanx,mecobal/levomefolat ca/b6 phos
l-mefolate-pyridox-mecobalamin,mecobal/levomefolat ca/b6 phos
l-methyl-b6-b12,mecobal/levomefolat ca/b6 phos
metanx,mecobal/levomefolat ca/b6 phos
neurpath-b,mecobal/levomefolat ca/b6 phos
vitacirc-b,mecobal/levomefolat ca/b6 phos
folast,mecobalamin/l-mefolate/b6 phos
mefloquine hcl,mefloquine hcl
memantine hcl,memantine hcl
namenda,memantine hcl
namenda xr,memantine hcl
namzaric,memantine hcl/donepezil hcl
menactra,"mening vac a,c,y,w-135 dip/pf"
menveo a-c-y-w-135-dip,"mening vac a,c,y,w-135 dip/pf"
menomune-a-c-y-w-135,"meningococ vac a,c,y,w-135/pf"
bexsero,"meningococcal b vacc,4-comp/pf"
menomune-a-c-y-w-135,"meningococcal vac a,c,y,w-135"
demerol,meperidine hcl
meperidine hcl,meperidine hcl
demerol,meperidine hcl/pf
meperidine hcl,meperidine hcl/pf
carbocaine,mepivacaine hcl/pf
meropenem-0.9% nacl,meropenem-0.9% sodium chloride
rowasa,mesalamine w/cleansing wipes
metaxalone,metaxalone
skelaxin,metaxalone
fortamet,metformin hcl
glucophage,metformin hcl
glucophage xr,metformin hcl
glumetza,metformin hcl
metformin hcl,metformin hcl
metformin hcl er,metformin hcl
riomet,metformin hcl
diskets,methadone hcl
dolophine hcl,methadone hcl
methadone hcl,methadone hcl
methadone intensol,methadone hcl
methadose,methadone hcl
desoxyn,methamphetamine hcl
methamphetamine hcl,methamphetamine hcl
uroqid-acid no.2,methen mand/naphos m-b m-h
utac,methen mand/naphos m-b m-h
phosenamine,methen/m-blue/sal/na phos/hyos
uretron d-s,methen/m-blue/sal/na phos/hyos
ustell,methen/m-blue/sal/na phos/hyos
uta,methen/m-blue/sal/na phos/hyos
uro-blue,methen/sod phos/meth blue/hyos
urogesic-blue,methen/sod phos/meth blue/hyos
cystex,methenam/benz ac/salicy/sal-am
hyophen,methenam/me blue/ba/salicy/hyo
methylphen,methenam/me blue/ba/salicy/hyo
prosed-ds,methenam/me blue/ba/salicy/hyo
otrexup,methotrexate/pf
rasuvo,methotrexate/pf
oxsoralen-ultra,"methoxsalen, rapid"
methscopolamine bromide,methscopolamine bromide
pamine,methscopolamine bromide
pamine forte,methscopolamine bromide
methyldopa-hydrochlorothiazide,methyldopa/hydrochlorothiazide
concerta,methylphenidate hcl
metadate cd,methylphenidate hcl
metadate er,methylphenidate hcl
methylin,methylphenidate hcl
methylin er,methylphenidate hcl
methylphenidate er,methylphenidate hcl
methylphenidate hcl,methylphenidate hcl
methylphenidate hcl cd,methylphenidate hcl
methylphenidate la,methylphenidate hcl
methylphenidate sr,methylphenidate hcl
quillivant xr,methylphenidate hcl
ritalin,methylphenidate hcl
ritalin-sr,methylphenidate hcl
ritalin la,methylphenidate hcl
a-methapred,methylprednisolone sod succ
methylprednisolone sod succ,methylprednisolone sod succ
solu-medrol,methylprednisolone sod succ
solu-medrol,methylprednisolone sod succ/pf
metoclopramide hcl,metoclopramide hcl
metoclopramide hcl odt,metoclopramide hcl
metozolv odt,metoclopramide hcl
reglan,metoclopramide hcl
dutoprol,metoprolol succinate/hctz
lopressor hct,metoprolol/hydrochlorothiazide
metoprolol-hydrochlorothiazide,metoprolol/hydrochlorothiazide
metrogel,metronidazole/skin cleanser
rosadan,metronidazole/skin cleansr #23
metro iv,metronidazole/sodium chloride
mexiletine hcl,mexiletine hcl
cafgesic forte,mg sal/acetaminophn/p-tlox/caf
durabac forte,mg sal/acetaminophn/p-tlox/caf
vusion,miconazole nitrate/zinc ox/pet
midazolam hcl,midazolam hcl
midazolam hcl,midazolam hcl/pf
midodrine hcl,midodrine hcl
proamatine,midodrine hcl
savella,milnacipran hcl
milrinone in 5% dextrose,milrinone lactate/d5w
minocin,minocycline hcl
minocycline hcl,minocycline hcl
minocycline hcl er,minocycline hcl
solodyn,minocycline hcl
arestin,minocycline hcl microspheres
minocin,minocycline hcl/skin cl no.4
mitoxantrone hcl,mitoxantrone hcl
moexipril hcl,moexipril hcl
univasc,moexipril hcl
moexipril-hydrochlorothiazide,moexipril/hydrochlorothiazide
uniretic,moexipril/hydrochlorothiazide
moban,molindone hcl
dulera,mometasone/formoterol
embeda,morphine sulfate/naltrexone
astramorph-pf,morphine sulfate/pf
duramorph,morphine sulfate/pf
infumorph,morphine sulfate/pf
avelox,moxifloxacin hcl
avelox abc pack,moxifloxacin hcl
moxeza,moxifloxacin hcl
moxifloxacin hcl,moxifloxacin hcl
vigamox,moxifloxacin hcl
avelox iv,moxifloxacin in nacl (iso-osm)
darcalma,mth/me blue/sod phos/phen/hyos
darpaz,mth/me blue/sod phos/phen/hyos
phosphasal,mth/me blue/sod phos/phen/hyos
ur n-c,mth/me blue/sod phos/phen/hyos
uramit mb,mth/me blue/sod phos/phen/hyos
urelle,mth/me blue/sod phos/phen/hyos
uretron d-s,mth/me blue/sod phos/phen/hyos
uribel,mth/me blue/sod phos/phen/hyos
urin d.s.,mth/me blue/sod phos/phen/hyos
uro-l,mth/me blue/sod phos/phen/hyos
utira-c,mth/me blue/sod phos/phen/hyos
utrona-c,mth/me blue/sod phos/phen/hyos
strovite advance,multivit-min #14/folic acid
fac-x,multivit-min12/fa/lycopene/lut
strovite forte,"multivit, iron, min #5, fa"
vita s forte,"multivit, iron, min #5, fa"
strovite plus,"multivit, iron, min #6, fa"
bacmin,"multivit, min cmb#20/iron/fa"
dialyvite 5000,"multivit, mincmb#11/folic acid"
v-c forte,multivitamin-minerals no.7/fa
vica-forte,multivitamin-minerals no.7/fa
vicap forte,multivitamin-minerals no.7/fa
dialyvite supreme d,"multivitamin, min cmb#25/fa/d3"
polyvitamins-fluoride,multivitamins with fluoride
udamin,"multivitamins, min #28/fa/lyco"
b-plex plus,"multivits,therap w-fe,hematin"
formula b plus,"multivits,therap w-fe,hematin"
therobec plus,"multivits,therap w-fe,hematin"
corvite free,"mv, min cmb #6/fa/lut/lyco/q10"
probarimin qt,"mv, min cmb#17/iron/fa/min aa"
tozal,"mv, min cmb#22/lut/om3/dha/epa"
protect cardio,"mv, min cmb#8/fa/co q10/omega3"
udamin sp,"mv, min cmb#9/fa/saw palmet xt"
choice-tabs,"mv,min #10/fa/d3/alip acid/lut"
strovite advance + d,"mv,min #10/fa/d3/alip acid/lut"
strovite one,"mv,min #10/fa/d3/alip acid/lut"
req49+,"mv,min cmb#16/fa/lutein/lycop"
infuvite adult,"mvi, adult no.4 with vit k"
cellcept,mycophenolate mofetil hcl
trumenba,"n.meningitidis b,lipid fhbp rc"
visicol,na phos mono&dibasic/cellulose
k-phos m.f.,"na phos,m-b/k phos,monob"
k-phos no.2,"na phos,m-b/k phos,monob"
corzide,nadolol/bendroflumethiazide
nadolol-bendroflumethiazide,nadolol/bendroflumethiazide
naftifine hcl,naftifine hcl
naftin,naftifine hcl
nalbuphine hcl,nalbuphine hcl
evzio,naloxone hcl
naloxone hcl,naloxone hcl
naltrexone hcl,naltrexone hcl
revia,naltrexone hcl
contrave,naltrexone hcl/bupropion hcl
vivitrol,naltrexone microspheres
naphazoline hcl,naphazoline hcl
osmoprep,"naphos m-b m-h/na phos,di-ba"
vimovo,naproxen/esomeprazole mag
amerge,naratriptan hcl
naratriptan hcl,naratriptan hcl
bystolic,nebivolol hcl
specialty use needles,"needles, disposable"
novofine 30,"needles, insulin disposable"
pen needle,"needles, insulin disposable"
nefazodone hcl,nefazodone hcl
maxitrol,neo/polymyx b sulf/dexameth
methadex,neo/polymyx b sulf/dexameth
neomycin-polymyxin-dexameth,neo/polymyx b sulf/dexameth
poly-dex,neo/polymyx b sulf/dexameth
neo-polycin hc,neomycin su/baci zn/poly/hc
neomycin-bacitracin-poly-hc,neomycin su/baci zn/poly/hc
neo-polycin,neomycin su/bacitra/polymyxin
neomycin-bacitracin-polymyxin,neomycin su/bacitra/polymyxin
coly-mycin s,neomycin su/colist/hc/thonzon
cortisporin-tc,neomycin su/colist/hc/thonzon
poly-pred,neomycin su/plymx b su/pred
neomycin-polymyxin b,neomycin su/polymyx b sulf
neosporin g.u. irrigant,neomycin su/polymyx b sulf
neo-synalar,neomycin sulfate/fluocinolone
cortisporin,neomycin/bacitra/polymyxin/hc
neo-synalar,neomycin/fluocinolone/emol #65
cortisporin,neomycin/polymyxin b sulf/hc
cortomycin,neomycin/polymyxin b sulf/hc
neomycin-polymyxin-hc,neomycin/polymyxin b sulf/hc
neomycin-polymyxin-hydrocort,neomycin/polymyxin b sulf/hc
oticin hc,neomycin/polymyxin b sulf/hc
neomycin-polymyxin-gramicidin,neomycin/polymyxn b/gramicidin
neosporin,neomycin/polymyxn b/gramicidin
akynzeo,netupitant/palonosetron hcl
advicor,niacin/lovastatin
simcor,niacin/simvastatin
cardene sr,nicardipine hcl
nicardipine hcl,nicardipine hcl
tasigna,nilotinib hcl
macrodantin,nitrofurantoin macrocrystal
macrobid,nitrofurantoin monohyd/m-cryst
nitrofurantoin macrocrystal,nitrofurantoin monohyd/m-cryst
nitrofurantoin mono-macro,nitrofurantoin monohyd/m-cryst
nitroglycerin in d5w,nitroglycerin/d5w
ortho evra,norelgestromin/ethin.estradiol
xulane,norelgestromin/ethin.estradiol
femcon fe,noreth-ethinyl estradiol/iron
generess fe,noreth-ethinyl estradiol/iron
layolis fe,noreth-ethinyl estradiol/iron
norethin-eth estra ferrous fum,noreth-ethinyl estradiol/iron
norethindrone-ethin estradiol,noreth-ethinyl estradiol/iron
wymzya fe,noreth-ethinyl estradiol/iron
zenchent fe,noreth-ethinyl estradiol/iron
zeosa,noreth-ethinyl estradiol/iron
estrostep fe,norethindrone-e.estradiol-iron
gildess 24 fe,norethindrone-e.estradiol-iron
gildess fe,norethindrone-e.estradiol-iron
junel fe,norethindrone-e.estradiol-iron
junel fe 24,norethindrone-e.estradiol-iron
larin fe,norethindrone-e.estradiol-iron
lo loestrin fe,norethindrone-e.estradiol-iron
loestrin 24 fe,norethindrone-e.estradiol-iron
loestrin fe,norethindrone-e.estradiol-iron
lomedia 24 fe,norethindrone-e.estradiol-iron
microgestin fe,norethindrone-e.estradiol-iron
minastrin 24 fe,norethindrone-e.estradiol-iron
norethin-eth estra ferrous fum,norethindrone-e.estradiol-iron
tilia fe,norethindrone-e.estradiol-iron
tri-legest fe,norethindrone-e.estradiol-iron
alyacen,norethindrone-ethinyl estrad
aranelle,norethindrone-ethinyl estrad
balziva,norethindrone-ethinyl estrad
brevicon,norethindrone-ethinyl estrad
briellyn,norethindrone-ethinyl estrad
cyclafem,norethindrone-ethinyl estrad
dasetta,norethindrone-ethinyl estrad
gildagia,norethindrone-ethinyl estrad
leena,norethindrone-ethinyl estrad
necon,norethindrone-ethinyl estrad
norinyl 1+35,norethindrone-ethinyl estrad
nortrel,norethindrone-ethinyl estrad
ortho-novum,norethindrone-ethinyl estrad
ovcon-35,norethindrone-ethinyl estrad
ovcon-50,norethindrone-ethinyl estrad
philith,norethindrone-ethinyl estrad
pirmella,norethindrone-ethinyl estrad
tri-norinyl,norethindrone-ethinyl estrad
vyfemla,norethindrone-ethinyl estrad
wera,norethindrone-ethinyl estrad
zenchent,norethindrone-ethinyl estrad
necon,norethindrone-mestranol
norinyl 1+50,norethindrone-mestranol
femhrt,norethindrone ac-eth estradiol
gildess,norethindrone ac-eth estradiol
jevantique,norethindrone ac-eth estradiol
jinteli,norethindrone ac-eth estradiol
junel,norethindrone ac-eth estradiol
larin,norethindrone ac-eth estradiol
loestrin,norethindrone ac-eth estradiol
microgestin,norethindrone ac-eth estradiol
norethindron-ethinyl estradiol,norethindrone ac-eth estradiol
estarylla,norgestimate-ethinyl estradiol
mono-linyah,norgestimate-ethinyl estradiol
mononessa,norgestimate-ethinyl estradiol
norgestimate-ethinyl estradiol,norgestimate-ethinyl estradiol
ortho-cyclen,norgestimate-ethinyl estradiol
ortho tri-cyclen,norgestimate-ethinyl estradiol
ortho tri-cyclen lo,norgestimate-ethinyl estradiol
previfem,norgestimate-ethinyl estradiol
sprintec,norgestimate-ethinyl estradiol
tri-estarylla,norgestimate-ethinyl estradiol
tri-linyah,norgestimate-ethinyl estradiol
tri-lo-sprintec,norgestimate-ethinyl estradiol
tri-previfem,norgestimate-ethinyl estradiol
tri-sprintec,norgestimate-ethinyl estradiol
trinessa,norgestimate-ethinyl estradiol
cryselle,norgestrel-ethinyl estradiol
elinest,norgestrel-ethinyl estradiol
lo-ovral-28,norgestrel-ethinyl estradiol
low-ogestrel,norgestrel-ethinyl estradiol
norgestrel-ethiny estra,norgestrel-ethinyl estradiol
ogestrel,norgestrel-ethinyl estradiol
nortriptyline hcl,nortriptyline hcl
pamelor,nortriptyline hcl
axona,"nut.tx, metab.dis, mv & min #2"
pediaderm af,nystatin/emollient combo no.54
nystatin-triamcinolone,nystatin/triamcin
sandostatin lar,"octreotide acetate,mi-spheres"
sandostatin lar depot,"octreotide acetate,mi-spheres"
olanzapine-fluoxetine hcl,olanzapine/fluoxetine hcl
symbyax,olanzapine/fluoxetine hcl
tribenzor,olmesartan/amlodipin/hcthiazid
benicar hct,olmesartan/hydrochlorothiazide
striverdi respimat,olodaterol hcl
olopatadine hcl,olopatadine hcl
pataday,olopatadine hcl
patanase,olopatadine hcl
patanol,olopatadine hcl
pazeo,olopatadine hcl
advanced am/pm,om-3/calcium/d3/fa/mv cmb 13
mi-omega nf,om-3/dha/epa/b12/fa/b6/phytost
vit 3,om-3/dha/epa/b12/fa/b6/phytost
animi-3,om-3/dha/epa/d3/b12/fa/b-6/phy
animi-3 with vitamin d,om-3/dha/epa/d3/b12/fa/b-6/phy
viekira pak,ombita/paritap/riton/dasabuvir
technivie,ombitasvir/paritaprev/ritonav
lovaza,omega-3 acid ethyl esters
omega-3 acid ethyl esters,omega-3 acid ethyl esters
vascazen,omega-3s/dha/epa/fish oil
omeclamox-pak,omeprazole/clarith/amoxicillin
omeprazole-sodium bicarbonate,omeprazole/sodium bicarbonate
zegerid,omeprazole/sodium bicarbonate
botox,onabotulinumtoxina
botox cosmetic,onabotulinumtoxina
ondansetron hcl,ondansetron hcl
zofran,ondansetron hcl
ondansetron hcl in dextrose,ondansetron hcl/d5w/pf
ondansetron hcl,ondansetron hcl/pf
zofran,ondansetron hcl/pf
ondansetron in sodium chloride,ondansetron in 0.9 % nacl/pf
belladonna-opium,opium/belladonna alkaloids
orphenadrine compound,orphenadrine/aspirin/caffeine
orphenadrine compound forte,orphenadrine/aspirin/caffeine
eth-oxydose,oxycodone hcl
oxecta,oxycodone hcl
oxycodone concentrate,oxycodone hcl
oxycodone hcl,oxycodone hcl
oxycodone hcl er,oxycodone hcl
oxycontin,oxycodone hcl
roxicodone,oxycodone hcl
roxicodone intensol,oxycodone hcl
endocet,oxycodone hcl/acetaminophen
magnacet,oxycodone hcl/acetaminophen
oxycodone-acetaminophen,oxycodone hcl/acetaminophen
oxycodone hcl-acetaminophen,oxycodone hcl/acetaminophen
percocet,oxycodone hcl/acetaminophen
primlev,oxycodone hcl/acetaminophen
roxicet,oxycodone hcl/acetaminophen
tylox,oxycodone hcl/acetaminophen
xartemis xr,oxycodone hcl/acetaminophen
xolox,oxycodone hcl/acetaminophen
endodan,oxycodone hcl/aspirin
oxycodone hcl-aspirin,oxycodone hcl/aspirin
percodan,oxycodone hcl/aspirin
oxycodone-aspirin,oxycodone hcl/oxycodon ter/asa
opana,oxymorphone hcl
opana er,oxymorphone hcl
oxymorphone hcl,oxymorphone hcl
oxymorphone hcl er,oxymorphone hcl
respa a.r.,p-ephed hcl/chlor-mal/bell alk
guaifenesin dac,p-ephed hcl/codeine/guaifen
rezira,p-ephed hcl/hydrocodone
abraxane,paclitaxel protein-bound
aloxi,palonosetron hcl
papaverine hcl,papaverine hcl
paregoric,paregoric
aminosyn ii,parenteral amino acid 10% no.1
aminosyn,parenteral amino acid 10% no.2
freamine iii,parenteral amino acid 10% no.4
travasol,parenteral amino acid 10% no.6
clinisol,parenteral amino acid 15% no.1
aminosyn ii,parenteral amino acid 15% no.2
prosol,parenteral amino acid 20% no.1
freamine iii,parenteral amino acid 8.5 % #1
aminosyn ii,parenteral amino acid 8.5 % #3
paroxetine hcl,paroxetine hcl
paxil,paroxetine hcl
paxil cr,paroxetine hcl
votrient,pazopanib hcl
multi-vitamin with fluoride,pedi m.vit no.17 with fluoride
multivitamin with fluoride,pedi m.vit no.17 with fluoride
multivitamins with fluoride,pedi m.vit no.17 with fluoride
escavite,pedi multivit #47/iron/fluorid
multi-vitamin w-fluoride,pedi multivit no.2 w-fluoride
multivitamins w-fluoride-iron,pedi mv #75/fluoride/iron
multivitamins with fluoride,pedi mvi no.12/sodium fluoride
mvc-fluoride,pedi mvi no.12/sodium fluoride
multivitamins with fluoride,pedi mvi no.16 with fluoride
multivitamins with fluoride,pedi mvi no.82 with fluoride
suclear,"peg 3350-bowel 2,two part prep"
colyte,"peg 3350/na sulf,bicarb,cl/kcl"
colyte with flavor packets,"peg 3350/na sulf,bicarb,cl/kcl"
colyte with flavor packs,"peg 3350/na sulf,bicarb,cl/kcl"
gavilyte-c,"peg 3350/na sulf,bicarb,cl/kcl"
gavilyte-g,"peg 3350/na sulf,bicarb,cl/kcl"
golytely,"peg 3350/na sulf,bicarb,cl/kcl"
peg-3350 and electrolytes,"peg 3350/na sulf,bicarb,cl/kcl"
peg 3350-electrolyte,"peg 3350/na sulf,bicarb,cl/kcl"
moviprep,peg3350/sod sul/nacl/asb/c/kcl
alamast,pemirolast potassium
bicillin c-r,pen g benz/pen g procaine
penicillin gk-iso-osm dextrose,pen g pot/dextrose-water
1st tier unifine pentips,"pen needle, diabetic"
1st tier unifine pentips plus,"pen needle, diabetic"
advocate pen needles,"pen needle, diabetic"
aimsco mini ultra-thin ii,"pen needle, diabetic"
aimsco ultra thin ii,"pen needle, diabetic"
bd ultra-fine pen needle,"pen needle, diabetic"
carefine pen needle,"pen needle, diabetic"
clickfine,"pen needle, diabetic"
comfort ez,"pen needle, diabetic"
easy comfort pen needles,"pen needle, diabetic"
easy touch pen needle,"pen needle, diabetic"
healthy accents unifine pentip,"pen needle, diabetic"
incontrol pen needle,"pen needle, diabetic"
insulin pen needle,"pen needle, diabetic"
insupen,"pen needle, diabetic"
lite touch,"pen needle, diabetic"
mini ultra-thin ii,"pen needle, diabetic"
needles,"pen needle, diabetic"
novofine,"pen needle, diabetic"
novofine 32,"pen needle, diabetic"
novofine plus,"pen needle, diabetic"
novotwist,"pen needle, diabetic"
pen needle,"pen needle, diabetic"
pen needles,"pen needle, diabetic"
prodigy pen needle,"pen needle, diabetic"
relion pen needles,"pen needle, diabetic"
sure-fine pen needles,"pen needle, diabetic"
sure comfort,"pen needle, diabetic"
topcare clickfine,"pen needle, diabetic"
ulticare,"pen needle, diabetic"
ultra-thin ii,"pen needle, diabetic"
ultracomfort,"pen needle, diabetic"
unifine pentips,"pen needle, diabetic"
unifine pentips plus,"pen needle, diabetic"
autoshield pen needle,"pen needle, diabetic, safety"
healthy accents unifine pentip,"pen needle, diabetic, safety"
novofine autocover,"pen needle, diabetic, safety"
pen needle,"pen needle, diabetic, safety"
prodigy pen needle,"pen needle, diabetic, safety"
autoshield duo pen needle,"pen needle,dual safety,diabetc"
penicillin g procaine,penicillin g procaine
pentazocine-acetaminophen,pentazocine hcl/acetaminophen
pentazocine-naloxone hcl,pentazocine hcl/naloxone hcl
delflex with 1.5% dextrose,perit. dialysis#6 & dex 1.5 %
dianeal with 1.5% dextrose,perit. dialysis#6 & dex 1.5 %
dianeal with 2.5% dextrose,periton. dialysis #7-dex 2.5 %
dianeal pd-2 w-1.5% dextrose,periton.dialysis #4-dext 1.5 %
perphenazine-amitriptyline,perphenazine/amitriptyline hcl
vaseline petroleum,"petrolatum,white"
phenazopyridine hcl,phenazopyridine hcl
pyridium,phenazopyridine hcl
phendimetrazine tartrate,phendimetrazine tartrate
dibenzyline,phenoxybenzamine hcl
phenoxybenzamine hcl,phenoxybenzamine hcl
adipex-p,phentermine hcl
phentermine hcl,phentermine hcl
suprenza odt,phentermine hcl
qsymia,phentermine/topiramate
norel sr,phenyleph/acetaminop/p-tlox/cp
donatuss dc,phenyleph/dihydrocodeine/guaif
phenylephrine hcl,phenylephrine hcl
alahist dhc,phenylephrine hcl/dihydroco bt
promethazine-phenylephrine,phenylephrine hcl/prometh hcl
promethazine vc,phenylephrine hcl/prometh hcl
r-tanna,phenylephrine/chlor-tan
r-tanna pediatric,phenylephrine/chlor-tan
rynatan,phenylephrine/chlor-tan
rynatan pediatric,phenylephrine/chlor-tan
dihydro-pe,phenylephrine/dhcodeine bt/cp
aldex-ct,phenylephrine/diphenhydramine
aldex d,phenylephrine/pyrilamine
pyril d,phenylephrine/pyrilamine
poly hist forte,phenylephrine/pyrilamine ma/cp
pyril-chlor-phen,phenylephrine/pyrilamine ma/cp
ru-hist forte,phenylephrine/pyrilamine ma/cp
dilantin,phenytoin sodium extended
phenytek,phenytoin sodium extended
phenytoin sodium extended,phenytoin sodium extended
k-phos neutral,phosphorus #1
phospha 250 neutral,phosphorus #1
virt-phos 250 neutral,phosphorus #1
vayacog,phospserin/omega-3/dha/epa
isopto carpine,pilocarpine hcl
pilocarpine hcl,pilocarpine hcl
pilopine hs,pilocarpine hcl
salagen,pilocarpine hcl
actos,pioglitazone hcl
pioglitazone hcl,pioglitazone hcl
duetact,pioglitazone hcl/glimepiride
pioglitazone-glimepiride,pioglitazone hcl/glimepiride
actoplus met,pioglitazone hcl/metformin hcl
actoplus met xr,pioglitazone hcl/metformin hcl
pioglitazone-metformin,pioglitazone hcl/metformin hcl
zosyn,"piperacillin-tazo-dextrose,iso"
piperacillin-tazobactam,piperacillin sodium/tazobactam
zosyn,piperacillin sodium/tazobactam
elite ob dha,"pn vit.w-o ca #7, iron,fa,dha"
ob complete dha,"pn vit.w-o ca #7, iron,fa,dha"
se-plete dha,"pn vit.w-o ca #7, iron,fa,dha"
citranatal 90 dha,pn w-ca64/iron cb&gl/fa/dss/dh
natalvirt 90 dha,pn w-ca64/iron cb&gl/fa/dss/dh
ob complete one,pn85/iron cb&asp g/fa/dha/fish
prevnar 13,pneumoc 13-val conj-dip crm/pf
completenate,pnv #14/ferrous fum/folic acid
prenatal multivitamin w-iron,pnv #14/ferrous fum/folic acid
concept ob,"pnv #15/iron fum,ps/folic acid"
folivane-ob,"pnv #15/iron fum,ps/folic acid"
prefera-ob one,pnv #19/iron ps&heme/folic/dha
vp-heme one,pnv #19/iron ps&heme/folic/dha
ob complete with dha,pnv #30/iron carb&aspg/fa/om3
prenate essential,pnv #35/iron/fa #6/dha
prenate dha,pnv #38/iron fum/folate/dha
prenate dha,pnv #78/iron asp gly/fa#1/dha
cavan-heme ob,pnv #8/iron ps & heme polyp/fa
prefera-ob,pnv #8/iron ps & heme polyp/fa
paire ob plus dha,"pnv #8/iron ps cmp,aspg/fa/dha"
nestabs abc,pnv #86/iron poly/fa/dha/epa
nestabs dha,pnv #87/iron bisgly/fa/dha
nutri-tab ob + dha,pnv #87/iron bisgly/fa/dha
c-nate dha,pnv 11-iron fum-folic acid-om3
relnate dha,pnv 11-iron fum-folic acid-om3
viva dha,pnv 11-iron fum-folic acid-om3
preque 10,"pnv 18/fe,carb/fa/dss/ubi/dha"
folcaps omega-3,"pnv ca37/iron cb,asp,bg/fa/om3"
vitaphil + dha,pnv cmb#20/iron bisgly/fa/dha
ob 90 + dha,pnv comb 22/iron cb/fa/dss/dha
vitaspire,pnv comb.no.44/iron/folic acid
atabex ec,"pnv comb.no43/iron,carb/fa/dss"
hemenatal ob + dha,pnv combo #22/iron/fa/om3/dha
prefera-ob plus dha,pnv combo #22/iron/fa/om3/dha
cavan-heme omega,pnv combo #8/iron/folic ac/dha
pnv-dha,pnv combo#47/iron/fa #1/dha
prenate dha,pnv combo#47/iron/fa #1/dha
virt-pn dha,pnv combo#47/iron/fa #1/dha
zatean-pn dha,pnv combo#47/iron/fa #1/dha
prenatal 19,pnv no.115/iron fumarate/fa
prenatal 19,pnv no.118/iron fumarate/fa
se-natal 19,pnv no.118/iron fumarate/fa
citranatal rx,pnv no.22/iron cbn&gluc/fa/dss
foltabs,pnv no.22/iron cbn&gluc/fa/dss
tri rx,pnv no.22/iron cbn&gluc/fa/dss
vinacal,pnv no.22/iron cbn&gluc/fa/dss
vinate calcium,pnv no.4/iron cbn&gluc/fa/doss
neevo dha,pnv no.42/iron/fa/lmfolate/dha
rovin-nv dha,pnv no.42/iron/fa/lmfolate/dha
active ob,"pnv no.66/iron,carbonyl/fa/dha"
citranatal rx,pnv no.81/iron cbn&gluc/fa/dss
docosavit,pnv no10/iron fum&p/fa/omega-3
se-tan dha,pnv no10/iron fum&p/fa/omega-3
tandem dha,pnv no10/iron fum&p/fa/omega-3
obtrex dha,"pnv no12/iron,carb/fa/dss/om-3"
preque 10,"pnv no18/iron,carb/fa/ubi/dha"
triveen-ten,"pnv no18/iron,carb/fa/ubi/dha"
pnv-select,pnv w-ca #40/iron fum/fa cmb#1
prenate elite,pnv w-ca #40/iron fum/fa cmb#1
virt-pn,pnv w-ca #40/iron fum/fa cmb#1
zatean-pn,pnv w-ca #40/iron fum/fa cmb#1
cavan one omega,pnv w-ca no.37/iron/fa/omega-3
folcaps omega-3,pnv w-ca no.37/iron/fa/omega-3
ob-natal one,pnv w-ca no.37/iron/fa/omega-3
ultimatecare one,pnv w-ca no.37/iron/fa/omega-3
prenatal-u,pnv w-o ca no5/fe fumarate/fa
folbecal,pnv w-o iron/fa/calcium/b6/b12
folinatal plus b,pnv w-o iron/fa/calcium/b6/b12
trimesis rx,pnv w-o iron/fa/calcium/b6/b12
pnv-omega,pnv with ca #68/iron/fa#1/dha
prenate essential,pnv with ca #68/iron/fa#1/dha
virt-pn plus,pnv with ca #68/iron/fa#1/dha
zatean-pn plus,pnv with ca #68/iron/fa#1/dha
vitafol-pn,pnv with ca combo.11/iron/fa
marnatal-f,pnv with ca no.65/iron poly/fa
natalcare plus,pnv with ca#74/iron/folic acid
prenaplus,pnv with ca#74/iron/folic acid
prenatal low iron,pnv with ca#74/iron/folic acid
prenatal plus,pnv with ca#74/iron/folic acid
prenate plus,pnv with ca#74/iron/folic acid
vol-plus,pnv with ca#74/iron/folic acid
gesticare dha,"pnv with ca,no.60/iron/fa/dha"
natelle one,"pnv with ca,no.70/iron/fa/dha"
prenatal plus,"pnv with ca,no.72/iron,carb/fa"
prenatal plus,"pnv with ca,no.72/iron/fa"
prenatal vitamin plus low iron,"pnv with ca,no.72/iron/fa"
preplus,"pnv with ca,no.72/iron/fa"
citranatal b-calm,"pnv with ca,no63/iron/fa/b6"
neevo,pnv with ca8/iron/fa/lmefolate
pnv-iron,pnv with ca8/iron/fa/lmefolate
rovin-nv,pnv with ca8/iron/fa/lmefolate
natafort,pnv without ca no.9/iron/fa
concept dha,pnv#16/iron fum & ps/fa/om-3
taron-c dha,pnv#16/iron fum & ps/fa/om-3
virt-c dha,pnv#16/iron fum & ps/fa/om-3
tricare prenatal dha one,pnv#20/iron/fa/ds/fish/dha/epa
hemenatal ob,pnv#21/iron ps& heme polyp/fa
prefera ob,pnv#21/iron ps& heme polyp/fa
vp-heme ob,pnv#21/iron ps& heme polyp/fa
pnv-first,pnv#26/iron poly/fa/dha
tl-assure one,pnv#26/iron poly/fa/dha
vitafol-one,pnv#26/iron poly/fa/dha
vitafol ultra,pnv#67/iron ps/fa cmb#1/dha
levomefolate dha,pnv#79/iron/fa/lmfolate ca/dha
neevo dha,pnv#79/iron/fa/lmfolate ca/dha
folcaps care one,"pnv,ca,no.35/iron/fa/ds/omeg-3"
ultimatecare one nf,"pnv,ca,no.35/iron/fa/ds/omeg-3"
b-nexa,pnv/fa/b6/calcium phos/ginger
se-natal 90,pnv/ferrous fumarate/doss/fa
maternity,pnv/ferrous fumarate/fa/se
vinate-m,pnv/ferrous fumarate/fa/se
poly iron pn forte,pnv/iron ps cplx/folic acid
multivitamins with minerals,"pnv/iron,carb/om-3/fa/fat 1"
mynatal,"pnv/iron,carbonyl/docusate/fa"
duet dha balanced,pnv105/iron/fa/omega 3/dha/epa
duet dha 400,pnv106/iron/fa/om3/dha/epa
duet dha balanced,pnv110/iron/fa/omega 3/dha/epa
pnv-ferrous fumarate-docu-fa,pnv115/iron fumarate/fa/dss
prenatal 19,pnv115/iron fumarate/fa/dss
duet dha balanced,pnv117/iron/fa/om3/dha/epa
prenatal 19,pnv119/iron fumarate/fa/dss
se-natal 19,pnv119/iron fumarate/fa/dss
elite-ob 400,pnv17/iron/fa/fish oil/dha/om
ob complete 400,pnv17/iron/fa/fish oil/dha/om
pnv-total,pnv17/iron/fa/fish oil/dha/om
pr natal 400 ec,pnv19/iron bg hc&succ-p/fa/om3
complete natal dha,pnv2/iron b-g suc-p/fa/omega-3
citranatal dha,pnv22/iron cbn&gluc/fa/dss/dha
ob + dha,pnv22/iron cbn&gluc/fa/dss/dha
pnv ob+dha,pnv22/iron cbn&gluc/fa/dss/dha
citranatal harmony,"pnv34/iron,carbonyl/fa/dss/dha"
vp-ch-pnv,"pnv34/iron,carbonyl/fa/dss/dha"
citranatal assure,pnv38/iron cbn&gluc/fa/dss/dha
corenate-dha,pnv38/iron cbn&gluc/fa/dss/dha
natalvirt ca,pnv38/iron cbn&gluc/fa/dss/dha
folcal dha,pnv39/iron fumarate/fa/dss/dha
folivane-prx dha nf,pnv39/iron fumarate/fa/dss/dha
taron-prex prenatal,pnv39/iron fumarate/fa/dss/dha
cavan-ec sod dha,pnv48/iron na feredetat/fa/om3
pr natal 440 ec,pnv48/iron na feredetat/fa/om3
pr natal 400,pnv53/iron b-g hcl-p/fa/omega3
triveen-duo dha,pnv53/iron b-g hcl-p/fa/omega3
multi-nate 30 dha,pnv53/iron b-g suc-p/fa/omega3
nexa plus,pnv53/iron fum/fa/docusate/dha
pr natal 430,pnv54/iron b-g hcl-p/fa/omega3
setonet,pnv54/iron b-g hcl-p/fa/omega3
setonet-ec,pnv55/iron bg hc&succ#2/fa/om3
pr natal 430 ec,"pnv55/iron bg hc,succ-p/fa/om3"
natachew,pnv55/iron fum & bisgly/fa
citranatal harmony,"pnv59/iron,carb&fum/fa/dss/dha"
citranatal harmony,"pnv59/iron,carbonyl/fa/dss/dha"
folcal dha,pnv66/iron fumarate/fa/dss/dha
pnv-dha + docusate,pnv66/iron fumarate/fa/dss/dha
prenexa,pnv66/iron fumarate/fa/dss/dha
triveen-prx rnf,pnv66/iron fumarate/fa/dss/dha
vemavite-prx 2,pnv66/iron fumarate/fa/dss/dha
virtprex,pnv66/iron fumarate/fa/dss/dha
cavan-alpha kit,pnv67/sod iron edta& ps/fa/om3
citranatal harmony,"pnv69/iron,carbonyl/fa/dss/dha"
macnatal cn dha,"pnv69/iron,carbonyl/fa/dss/dha"
prenaissance plus,"pnv69/iron,carbonyl/fa/dss/dha"
zatean-ch,"pnv69/iron,carbonyl/fa/dss/dha"
vinate pn care,pnv7/fe asp gly/docusate/fa
citranatal 90 dha,"pnv72/iron,carb&glu/fa/dss/dha"
citranatal assure,"pnv73/iron,carb&glu/fa/dss/dha"
citranatal dha,"pnv76/iron,carb&glu/fa/dss/dha"
nexa select,pnv80/iron fumarate/fa/dss/dha
prenaissance,pnv80/iron fumarate/fa/dss/dha
tl-select,pnv80/iron fumarate/fa/dss/dha
virt-select,pnv80/iron fumarate/fa/dss/dha
bal-care dha,pnv81/sod iron edta& ps/fa/om3
duet dha balanced,pnv81/sod iron edta& ps/fa/om3
vena-bal dha,pnv81/sod iron edta& ps/fa/om3
podocon-25,podophyllum resin
ipol,"poliomyelitis vaccine, killed"
glycolax,polyethylene glycol 3350
miralax,polyethylene glycol 3350
polyethylene glycol,polyethylene glycol 3350
polyethylene glycol 3350,polyethylene glycol 3350
curity amd,polyhexam biguan/gauze bandage
polymyxin b sul-trimethoprim,polymyxin b sulf/trimethoprim
polytrim,polymyxin b sulf/trimethoprim
iclusig,ponatinib hcl
gelclair,pot sor/hy-ethylcel/pvp/hyalur
effer-k,potassium bicarbonate/cit ac
k effervescent,potassium bicarbonate/cit ac
klor-con-ef,potassium bicarbonate/cit ac
potassium chloride-nacl,potassium chloride-0.45% nacl
potassium chl-normal saline,potassium chloride in 0.9%nacl
dextrose 5%-potassium chloride,potassium chloride in d5w
potassium chloride in d5lr,potassium chloride in lr-d5
dextrose 5%-0.2% nacl-kcl,potassium chloride/d5-0.2%nacl
dextrose 5%-0.225% nacl-kcl,potassium chloride/d5-0.2%nacl
dextrose 5%-0.45% nacl-kcl,potassium chloride/d5-0.45nacl
dextrose 5%-1/2ns-kcl,potassium chloride/d5-0.45nacl
dextrose 5%-ns-kcl,potassium chloride/d5-0.9%nacl
cytra-k,potassium citrate/citric acid
potassium citrate-citric acid,potassium citrate/citric acid
taron-crystals,potassium citrate/citric acid
strong iodine,potassium iodide/iodine
potassium phosphate,"potassium phos,m-basic-d-basic"
k-phos original,"potassium phosphate,monobasic"
mirapex,pramipexole di-hcl
mirapex er,pramipexole di-hcl
pramipexole dihydrochloride,pramipexole di-hcl
pramipexole er,pramipexole di-hcl
effient,prasugrel hcl
minipress,prazosin hcl
prazosin hcl,prazosin hcl
millipred,prednisolone sod phosphate
orapred,prednisolone sod phosphate
orapred odt,prednisolone sod phosphate
pediapred,prednisolone sod phosphate
prednisolone sodium phos odt,prednisolone sod phosphate
veripred 20,prednisolone sod phosphate
cavan-folate dha,prenat vit comb.10/iron/fa/dha
pnv-ob with dha,prenat vit comb.10/iron/fa/dha
vitafol-ob+dha,prenat vit comb.10/iron/fa/dha
tricare,prenatal #103/iron fumarate/fa
citranatal b-calm,"prenatal #48/iron cb,glu/fa/b6"
extra-virt plus dha,prenatal #57/iron/fa/dss/dha
nexa select,prenatal #58/iron/fa/dss/dha
prenate elite,prenatal #79/iron asp gly/fa#1
enbrace hr,prenatal #92/iron/fa #8/ps-dha
select-ob,prenatal no.13/iron ps/fa cb#1
prena1,prenatal no.25/iron/fa #6/dha
vitamedmd one rx,prenatal no.25/iron/fa #6/dha
prena1 plus,prenatal no.39/iron/fa #6/dha
vitamedmd plus rx,prenatal no.39/iron/fa #6/dha
vp-pnv-dha,prenatal no.52/iron/fa/dha
vitafol nano,prenatal no.75/iron/folate #1
pnv folic acid + iron,prenatal vit #60/iron fum/fa
prenate enhance,prenatal vit #68/iron/fa#6/dha
prenate restore,prenatal vit #69/iron/fa#6/dha
pnv 29-1,"prenatal vit #76/iron,carb/fa"
prenatabs rx,"prenatal vit #76/iron,carb/fa"
re-nata 29 ob,"prenatal vit #76/iron,carb/fa"
vol-tab rx,"prenatal vit #76/iron,carb/fa"
inatal advance,prenatal vit 15/iron cb/fa/dss
prenatal ad,prenatal vit 15/iron cb/fa/dss
triadvance,prenatal vit 15/iron cb/fa/dss
virt-advance,prenatal vit 15/iron cb/fa/dss
trinatal gt,prenatal vit 16/iron cb/fa/dss
vinate gt,prenatal vit 16/iron cb/fa/dss
virt-vite gt,prenatal vit 16/iron cb/fa/dss
complete-rf prenatal,prenatal vit 17/iron cb/fa/dss
prenacare,prenatal vit 18/iron cb/fa/dss
trinatal ultra,prenatal vit 18/iron cb/fa/dss
vinate ultra,prenatal vit 18/iron cb/fa/dss
cavan-folate ob,prenatal vit comb.10/iron/fa
vitafol-ob,prenatal vit comb.10/iron/fa
vinate care,prenatal vit no.109/iron/fa
prenate chewable,prenatal vit no.112/folic acid
prenate am,prenatal vit no.114/fa/ginger
o-cal prenatal,prenatal vit no.127/iron/fa
prenate mini,prenatal vit no.44/iron/fa/dha
trinate,prenatal vit no.73/iron/fa
virt-nate,prenatal vit no.73/iron/fa
virt nate,prenatal vit no.73/iron/fa
vol-nate,prenatal vit no.73/iron/fa
prenatabs fa,prenatal vit no.78/iron/fa
venatal-fa,prenatal vit no.78/iron/fa
prenate mini,prenatal vit no.87/iron/fa/dha
prenate elite,prenatal vit#36/iron/fa cmb#6
prena1 chew,prenatal vit#42/fa cmb#6
vitamedmd redichew rx,prenatal vit#42/fa cmb#6
provida ob,prenatal vit#65/iron fum&ps/fa
prenate essential,prenatal vit#84/iron/fa#1/dha
nestabs,prenatal vit#86/iron bisgly/fa
vinate az,prenatal vit/iron bisglycin/fa
vinate ii,prenatal vit/iron bisglycin/fa
lactocal-f,prenatal vit/iron fumarate/fa
o-cal fa,prenatal vit/iron fumarate/fa
prenafirst,prenatal vit/iron fumarate/fa
prenatal plus,prenatal vit/iron fumarate/fa
prenatal rx,prenatal vit/iron fumarate/fa
prenatal rx 1,"prenatal vit27,calcium/iron/fa"
se-natal one,"prenatal vit27,calcium/iron/fa"
trinatal rx 1,"prenatal vit27,calcium/iron/fa"
vinate one,"prenatal vit27,calcium/iron/fa"
prenata,prenatal vit37/iron/folic acid
choice-ob + dha,prenatal vits #33/iron/fa/dha
select-ob + dha,prenatal vits #33/iron/fa/dha
tl-assure + dha,prenatal vits #33/iron/fa/dha
dualvit ob,prenatal vits cmb w-o ca no.2
vinate ic,prenatal vits cmb w-o ca no.2
ob complete petite,prenatal56/iron/folic acid/dha
matulane,procarbazine hcl
crinone,"progesterone,micronized"
endometrin,"progesterone,micronized"
prochieve,"progesterone,micronized"
prometrium,"progesterone,micronized"
phenadoz,promethazine hcl
phenergan,promethazine hcl
promethazine hcl,promethazine hcl
promethegan,promethazine hcl
promethazine-codeine,promethazine hcl/codeine
promethazine-dm,promethazine/dextromethorphan
promethazine vc-codeine,promethazine/phenyleph/codeine
propafenone hcl,propafenone hcl
propafenone hcl er,propafenone hcl
rythmol,propafenone hcl
rythmol sr,propafenone hcl
alcaine,proparacaine hcl
proparacaine hcl,proparacaine hcl
propoxyphene hcl,propoxyphene hcl
propoxyphene hcl-acetaminophen,propoxyphene hcl/acetaminophen
propoxyphene nap-acetaminophen,propoxyphene nap/acetaminophen
inderal la,propranolol hcl
innopran xl,propranolol hcl
propranolol hcl,propranolol hcl
propranolol hcl er,propranolol hcl
propranolol-hydrochlorothiazid,propranolol/hydrochlorothiazid
pr cream,"protect cmb2/ceramide 1,3,6-11"
protriptyline hcl,protriptyline hcl
vivactil,protriptyline hcl
allerx 10,pseudoephedrin/methscop/cpm/pe
allerx 30,pseudoephedrin/methscop/cpm/pe
semprex-d,pseudoephedrine hcl/acrivas
vinate az extra,pv w-o cal/fe bisgly/fa
m-vit,pv w-o cal/ferrous fumarate/fa
edge ob,pv w-o cal/iron ps cplx/fa
select-ob,pv w-o cal/iron ps cplx/fa
multinatal plus,pv w-o vit a/fe fumarate/fa
se-care,pv w-o vit a/fe fumarate/fa
multinatal plus,pv w-o vit a/fecbn-fefm/fa
vinate c,pv w-o vit a/fecbn-fefm/fa
pyridoxine hcl,pyridoxine hcl
corzall plus,pyrilamine/pseudoephed/carbeta
accupril,quinapril hcl
quinapril hcl,quinapril hcl
accuretic,quinapril/hydrochlorothiazide
quinapril-hydrochlorothiazide,quinapril/hydrochlorothiazide
quinaretic,quinapril/hydrochlorothiazide
imogam rabies-ht,rabies immune globulin/pf
imovax rabies vaccine,"rabies vacc, human diploid/pf"
rabavert,rabies vaccine (pcec)/pf
evista,raloxifene hcl
raloxifene hcl,raloxifene hcl
ranitidine hcl,ranitidine hcl
zantac,ranitidine hcl
zantac 25,ranitidine hcl
zantac,ranitidine in 0.45 % sodium cl
prandimet,repaglinide/metformin hcl
repaglinide-metformin hcl,repaglinide/metformin hcl
hyperrho s-d,rho(d) immune globulin
rhogam ultra-filtered plus,rho(d) immune globulin
winrho sdf,rho(d) immune globulin/maltose
rifater,rifamp/isoniazid/pyrazinamide
isonarif,rifampin/isoniazid
rifamate,rifampin/isoniazid
edurant,rilpivirine hcl
myobloc,rimabotulinumtoxinb
rimantadine hcl,rimantadine hcl
ringers injection,ringers solution
ringers irrigation,ringers solution
tis-u-sol,ringers solution
lactated ringers,"ringers solution,lactated"
actonel with calcium,risedronate sod/calcium carb
risperdal consta,risperidone microspheres
requip,ropinirole hcl
requip xl,ropinirole hcl
ropinirole er,ropinirole hcl
ropinirole hcl,ropinirole hcl
naropin,ropivacaine hcl/pf
avandaryl,rosiglitazone/glimepiride
avandamet,rosiglitazone/metformin hcl
entresto,sacubitril/valsartan
cafgesic,sal-amide/acetamin/p-tlox/caff
anabar,sal-amide/acetaminophn/p-tlox
be-flex plus,sal-amide/acetaminophn/p-tlox
dolorex,sal-amide/acetaminophn/p-tlox
duraxin,sal-amide/acetaminophn/p-tlox
ed-flex,sal-amide/acetaminophn/p-tlox
salkera,salicylic acid/ammon lact/aloe
sa,salicylic acid/ceramide cmb #1
salex,salicylic acid/ceramide cmb #1
salvax duo plus,salicylic acid/urea
caphosol,saliva substitute combo no.2
onglyza,saxagliptin hcl
kombiglyze xr,saxagliptin hcl/metformin hcl
eldepryl,selegiline hcl
selegiline hcl,selegiline hcl
zelapar,selegiline hcl
sertraline hcl,sertraline hcl
zoloft,sertraline hcl
renagel,sevelamer hcl
silver nitrate applicator,silver nitrate applicator
janumet,sitagliptin phos/metformin hcl
janumet xr,sitagliptin phos/metformin hcl
juvisync,sitagliptin/simvastatin
prepopik,sod picosulf/mag ox/citric ac
tricitrates,sod/pot/k & sod cit/c ac/sucro
cytra-3,sod/pot/k cit/sod cit/cit acid
potass cit-sod cit-citric acid,sod/pot/k cit/sod cit/cit acid
tricitrates,sod/pot/k cit/sod cit/cit acid
hyper-sal,sodium chloride for inhalation
gavilyte-n,sodium chloride/nahco3/kcl/peg
nulytely,sodium chloride/nahco3/kcl/peg
nulytely with flavor packs,sodium chloride/nahco3/kcl/peg
peg-3350 with flavor packs,sodium chloride/nahco3/kcl/peg
peg 3350-electrolyte,sodium chloride/nahco3/kcl/peg
trilyte with flavor packets,sodium chloride/nahco3/kcl/peg
ferrlecit,sodium ferric gluconat/sucrose
sod ferric gluconate complex,sodium ferric gluconat/sucrose
fluoridex sensitivity relief,sodium fluoride/potassium nit
prevident 5000 enamel protect,sodium fluoride/potassium nit
prevident 5000 sensitive,sodium fluoride/potassium nit
fluor-a-day,sodium fluoride/xylitol
sodium lactate,sodium lactate
exoderm,sodium thiosulfate/sal acid
suprep,"sodium,potassium,&mag sulfates"
hyperlyte cr,sodium/k+/mag/ca/chlor/acetate
tpn electrolytes,sodium/k+/mag/ca/chlor/acetate
numoisyn,sorbitol/sal st#1/mal ac/ca ph
betapace,sotalol hcl
betapace af,sotalol hcl
sorine,sotalol hcl
sotalol af,sotalol hcl
sotylize,sotalol hcl
spinosad,spinosad
aldactazide,spironolact/hydrochlorothiazid
spironolactone-hctz,spironolact/hydrochlorothiazid
vgo 20,"sub-q insulin device, 20 unit"
vgo 30,"sub-q insulin device, 30 unit"
vgo 40,"sub-q insulin device, 40 unit"
chemet,succimer
plexion sct,sulfacet sod/sulfur/witch haz
se 10-5 ss,sulfacet sod/sulfur/witch haz
rosanil,sulfacetamd/sulfr/sknclnsr10
claris,sulfacetamide sod/sulfur/urea
cleansing wash,sulfacetamide sod/sulfur/urea
sod sulfacetamide-sulfur wash,sulfacetamide sod/sulfur/urea
sodium sulfacetamide-sulfur,sulfacetamide sod/sulfur/urea
sulfatol,sulfacetamide sod/sulfur/urea
avar,sulfacetamide sodium/sulfur
avar-e,sulfacetamide sodium/sulfur
avar-e ls,sulfacetamide sodium/sulfur
bp 10-1,sulfacetamide sodium/sulfur
clarifoam ef,sulfacetamide sodium/sulfur
clenia,sulfacetamide sodium/sulfur
plexion,sulfacetamide sodium/sulfur
prascion,sulfacetamide sodium/sulfur
prascion fc,sulfacetamide sodium/sulfur
rosaderm,sulfacetamide sodium/sulfur
rosanil,sulfacetamide sodium/sulfur
sodium sulfacetamide-sulfur,sulfacetamide sodium/sulfur
sulfacetamide sodium-sulfur,sulfacetamide sodium/sulfur
sumadan,sulfacetamide sodium/sulfur
sumaxin,sulfacetamide sodium/sulfur
sumaxin ts,sulfacetamide sodium/sulfur
topisulf,sulfacetamide sodium/sulfur
zencia,sulfacetamide sodium/sulfur
sodium sulfacetamide,sulfacetamide sodium/urea
sulfacetamide-prednisolone,sulfacetamide/prednisolone sp
sodium sulfacetamide-sulfur,sulfacetamide/sulfur/cleansr23
prascion ra,sulfacetm na/avobenzone/sulfur
blephamide,sulfacetm na/prednisol ac
blephamide s.o.p.,sulfacetm na/prednisol ac
bactrim,sulfamethoxazole/trimethoprim
bactrim ds,sulfamethoxazole/trimethoprim
septra,sulfamethoxazole/trimethoprim
septra ds,sulfamethoxazole/trimethoprim
sulfamethoxazole-trimethoprim,sulfamethoxazole/trimethoprim
sulfatrim,sulfamethoxazole/trimethoprim
debacterol,sulfuric acid/sulf phenol
treximet,sumatriptan succ/naproxen sod
belsomra,suvorexant
ulticare,"syr-nd,ins,0.3/container,empty"
careone,"syr-nd,ins,0.5/container,empty"
ulticare,"syr-nd,ins,0.5/container,empty"
ultracomfort,"syr-nd,ins,0.5/container,empty"
insulin syringe,"syr w-ndl,ins 0.3 ml half mark"
ultra comfort,"syr w-ndl,ins 0.3 ml half mark"
ulticare,"syr,ndl,insulin,1ml-sharps bin"
ultracomfort,"syr,ndl,insulin,1ml-sharps bin"
advocate syringes,"syring w-ndl,disp,insul,0.3 ml"
bd insulin syringe micro-fine,"syring w-ndl,disp,insul,0.3 ml"
bd insulin syringe ult-fine ii,"syring w-ndl,disp,insul,0.3 ml"
bd insulin syringe ultra-fine,"syring w-ndl,disp,insul,0.3 ml"
comfort ez,"syring w-ndl,disp,insul,0.3 ml"
easy touch,"syring w-ndl,disp,insul,0.3 ml"
easy touch insulin syringe,"syring w-ndl,disp,insul,0.3 ml"
glucopro,"syring w-ndl,disp,insul,0.3 ml"
insulin syringe,"syring w-ndl,disp,insul,0.3 ml"
insumed,"syring w-ndl,disp,insul,0.3 ml"
lite touch,"syring w-ndl,disp,insul,0.3 ml"
monoject insulin syringe,"syring w-ndl,disp,insul,0.3 ml"
precision,"syring w-ndl,disp,insul,0.3 ml"
prodigy insulin syringe,"syring w-ndl,disp,insul,0.3 ml"
safetyglide insulin syringe,"syring w-ndl,disp,insul,0.3 ml"
sure-ject insulin syringe,"syring w-ndl,disp,insul,0.3 ml"
sure comfort,"syring w-ndl,disp,insul,0.3 ml"
thinpro insulin syringe,"syring w-ndl,disp,insul,0.3 ml"
topcare ultra comfort,"syring w-ndl,disp,insul,0.3 ml"
trueplus insulin syringe,"syring w-ndl,disp,insul,0.3 ml"
ulticare,"syring w-ndl,disp,insul,0.3 ml"
ultilet insulin syringe,"syring w-ndl,disp,insul,0.3 ml"
ultra-thin ii,"syring w-ndl,disp,insul,0.3 ml"
ultra comfort,"syring w-ndl,disp,insul,0.3 ml"
accusure,"syring w-ndl,disp,insul,0.5 ml"
advocate syringes,"syring w-ndl,disp,insul,0.5 ml"
bd insulin syringe micro-fine,"syring w-ndl,disp,insul,0.5 ml"
bd insulin syringe ult-fine ii,"syring w-ndl,disp,insul,0.5 ml"
bd insulin syringe ultra-fine,"syring w-ndl,disp,insul,0.5 ml"
comfort ez,"syring w-ndl,disp,insul,0.5 ml"
easy comfort insulin syringe,"syring w-ndl,disp,insul,0.5 ml"
easy touch,"syring w-ndl,disp,insul,0.5 ml"
easy touch insulin syringe,"syring w-ndl,disp,insul,0.5 ml"
exel insulin syringe,"syring w-ndl,disp,insul,0.5 ml"
freestyle precision,"syring w-ndl,disp,insul,0.5 ml"
glucopro,"syring w-ndl,disp,insul,0.5 ml"
insulin syringe,"syring w-ndl,disp,insul,0.5 ml"
insumed,"syring w-ndl,disp,insul,0.5 ml"
lite touch,"syring w-ndl,disp,insul,0.5 ml"
maxi-comfort,"syring w-ndl,disp,insul,0.5 ml"
monoject,"syring w-ndl,disp,insul,0.5 ml"
monoject insulin syringe,"syring w-ndl,disp,insul,0.5 ml"
orsini insulin syringe,"syring w-ndl,disp,insul,0.5 ml"
precision,"syring w-ndl,disp,insul,0.5 ml"
prodigy insulin syringe,"syring w-ndl,disp,insul,0.5 ml"
safetyglide insulin syringe,"syring w-ndl,disp,insul,0.5 ml"
sure-ject insulin syringe,"syring w-ndl,disp,insul,0.5 ml"
sure comfort,"syring w-ndl,disp,insul,0.5 ml"
terumo insulin syringe,"syring w-ndl,disp,insul,0.5 ml"
terumo surguard,"syring w-ndl,disp,insul,0.5 ml"
thinpro insulin syringe,"syring w-ndl,disp,insul,0.5 ml"
topcare ultra comfort,"syring w-ndl,disp,insul,0.5 ml"
trueplus insulin syringe,"syring w-ndl,disp,insul,0.5 ml"
ulticare,"syring w-ndl,disp,insul,0.5 ml"
ultilet insulin syringe,"syring w-ndl,disp,insul,0.5 ml"
ultra-thin ii,"syring w-ndl,disp,insul,0.5 ml"
ultra comfort,"syring w-ndl,disp,insul,0.5 ml"
ultracomfort,"syring w-ndl,disp,insul,0.5 ml"
vanishpoint,"syring w-ndl,disp,insul,0.5 ml"
accusure,"syringe and needle,insulin,1ml"
advocate syringes,"syringe and needle,insulin,1ml"
bd insulin syringe,"syringe and needle,insulin,1ml"
bd insulin syringe micro-fine,"syringe and needle,insulin,1ml"
bd insulin syringe ult-fine ii,"syringe and needle,insulin,1ml"
comfort ez,"syringe and needle,insulin,1ml"
easy-touch insulin syringe,"syringe and needle,insulin,1ml"
easy comfort insulin syringe,"syringe and needle,insulin,1ml"
easy touch,"syringe and needle,insulin,1ml"
easy touch insulin syringe,"syringe and needle,insulin,1ml"
eclipse syringe,"syringe and needle,insulin,1ml"
freestyle precision,"syringe and needle,insulin,1ml"
glucopro,"syringe and needle,insulin,1ml"
insulin syringe,"syringe and needle,insulin,1ml"
insumed,"syringe and needle,insulin,1ml"
integra syringe,"syringe and needle,insulin,1ml"
lite touch,"syringe and needle,insulin,1ml"
maxi-comfort,"syringe and needle,insulin,1ml"
monoject insulin syringe,"syringe and needle,insulin,1ml"
monoject syringe,"syringe and needle,insulin,1ml"
orsini insulin syringe,"syringe and needle,insulin,1ml"
precision,"syringe and needle,insulin,1ml"
prodigy insulin syringe,"syringe and needle,insulin,1ml"
safetyglide syringe,"syringe and needle,insulin,1ml"
sure-ject insulin syringe,"syringe and needle,insulin,1ml"
sure comfort,"syringe and needle,insulin,1ml"
terumo insulin syringe,"syringe and needle,insulin,1ml"
terumo surguard,"syringe and needle,insulin,1ml"
thinpro insulin syringe,"syringe and needle,insulin,1ml"
topcare ultra comfort,"syringe and needle,insulin,1ml"
trueplus insulin syringe,"syringe and needle,insulin,1ml"
ulticare,"syringe and needle,insulin,1ml"
ultilet insulin syringe,"syringe and needle,insulin,1ml"
ultra-thin ii,"syringe and needle,insulin,1ml"
ultra comfort,"syringe and needle,insulin,1ml"
ultracomfort,"syringe and needle,insulin,1ml"
vanishpoint,"syringe and needle,insulin,1ml"
insulin syringe,"syringe w-ndl, disp,insul,2 ml"
insulin syringe,"syringe w-ndl, disp., insulin"
monoject insulin safety syrng,"syringe w-ndl, disp., insulin"
ultra comfort,"syringe w-ndl, disp., insulin"
syringe-precisionglide needle,"syringe w-needle,disposab,1 ml"
insulin syringe,"syringe w-o needl,insulin,1 ml"
luer-lok syringe,"syringe w-o needl,insulin,1 ml"
luer-lok syringe,"syringe, disposable, 1 ml"
assure id insulin safety,"syringe,needle,insuln,safe,1ml"
easy touch insulin safety,"syringe,needle,insuln,safe,1ml"
magellan insulin safety syrng,"syringe,needle,insuln,safe,1ml"
assure id insulin safety,"syringe,needle,insuln,sf 0.5ml"
easy touch insulin safety,"syringe,needle,insuln,sf 0.5ml"
magellan insulin safety syrng,"syringe,needle,insuln,sf 0.5ml"
magellan insulin syringe,"syringe,needle,insuln,sf 0.5ml"
magellan insulin syringe,"syringe,needle,insuln,sf,0.3ml"
integra syringe,"syringe,safety with needle,1ml"
zioptan,tafluprost/pf
flomax,tamsulosin hcl
tamsulosin hcl,tamsulosin hcl
nucynta,tapentadol hcl
nucynta er,tapentadol hcl
kerydin,tavaborole
granix,tbo-filgrastim
vibativ,telavancin hcl
telmisartan-amlodipine,telmisartan/amlodipine
twynsta,telmisartan/amlodipine
micardis hct,telmisartan/hydrochlorothiazid
telmisartan-hydrochlorothiazid,telmisartan/hydrochlorothiazid
terazosin hcl,terazosin hcl
lamisil,terbinafine hcl
terbinafine hcl,terbinafine hcl
terbinex,terbinafine/hydroxy chitosan
tetanus diphtheria toxoids,"tetanus & diphtheria tox,adult"
decavac,tetanus and diphtheria tox/pf
tenivac,tetanus and diphtheria tox/pf
tetanus-diphteria-decavac,tetanus and diphtheria tox/pf
diphtheria-tetanus toxoid,"tetanus,diphtheria toxd ped/pf"
diphtheria-tetanus toxoids-ped,"tetanus,diphtheria toxd ped/pf"
tetracaine hcl,tetracaine hcl
tetracaine hcl,tetracaine hcl/pf
tetracycline hcl,tetracycline hcl
tyzine,tetrahydrozoline hcl
elixophyllin,theophylline anhydrous
theo-24,theophylline anhydrous
theochron,theophylline anhydrous
theophylline anhydrous,theophylline anhydrous
uniphyl,theophylline anhydrous
thiamine hcl,thiamine hcl
thioridazine hcl,thioridazine hcl
thyroid,thyroid
armour thyroid,"thyroid,pork"
nature-throid,"thyroid,pork"
np thyroid,"thyroid,pork"
gabitril,tiagabine hcl
tiagabine hcl,tiagabine hcl
timentin,ticarcillin/k clavulanate
ticlopidine hcl,ticlopidine hcl
timoptic ocudose,timolol maleate/pf
innohep,"tinzaparin sodium,porcine"
stiolto respimat,tiotropium br/olodaterol hcl
aptivus,tipranavir/vitamin e tpgs
tizanidine hcl,tizanidine hcl
zanaflex,tizanidine hcl
tobi,tobramycin in 0.225% nacl
tobradex,tobramycin/dexamethasone
tobradex st,tobramycin/dexamethasone
tobramycin-dexamethasone,tobramycin/dexamethasone
zylet,tobramycin/lotepred etab
tobramycin sulfate in ns,tobramycin/sodium chloride
hycamtin,topotecan hcl
topotecan hcl,topotecan hcl
conzip,tramadol hcl
rybix odt,tramadol hcl
ryzolt,tramadol hcl
tramadol hcl,tramadol hcl
tramadol hcl er,tramadol hcl
ultram,tramadol hcl
ultram er,tramadol hcl
tramadol hcl-acetaminophen,tramadol hcl/acetaminophen
ultracet,tramadol hcl/acetaminophen
tarka,trandolapril/verapamil hcl
trandolapril-verapamil er,trandolapril/verapamil hcl
travatan,travoprost (benzalkonium)
oleptro er,trazodone hcl
trazodone hcl,trazodone hcl
orenitram er,treprostinil diolamine
remodulin,treprostinil sodium
tyvaso,treprostinil/neb accessories
tyvaso,treprostinil/nebulizer/accesor
retin-a micro,tretinoin microspheres
retin-a micro pump,tretinoin microspheres
tretinoin microsphere,tretinoin microspheres
tretin-x,tretinoin/emol cmb9/skin cln1
refissa,tretinoin/emollient base
renova,tretinoin/emollient base
renova pump,tretinoin/emollient base
triesence,triamcinolone acetonide/pf
dermacinrx silapak,triamcinolone/dimeth/silicone
dermasilkrx sds,triamcinolone/dimeth/silicone
pediaderm ta,triamcinolone/emollient cmb#45
dermasorb ta,triamcinolone/emollient cmb#86
dyazide,triamterene/hydrochlorothiazid
maxzide,triamterene/hydrochlorothiazid
maxzide-25 mg,triamterene/hydrochlorothiazid
triamterene-hctz,triamterene/hydrochlorothiazid
triamterene-hydrochlorothiazid,triamterene/hydrochlorothiazid
syprine,trientine hcl
trifluoperazine hcl,trifluoperazine hcl
lonsurf,trifluridine/tipiracil hcl
trihexyphenidyl hcl,trihexyphenidyl hcl
tigan,trimethobenzamide hcl
trimethobenzamide hcl,trimethobenzamide hcl
typhim vi,typhoid vacc vi capsulr polys
vivotif berna,"typhoid vacc,live,attenuated"
anoro ellipta,umeclidinium brm/vilanterol tr
rescula,unoprostone isopropyl
uramaxin gt,urea/emollient combination #65
bp-50% urea,urea/lactic ac/zn undecylenate
kerol,urea/lactic ac/zn undecylenate
kerol ad,urea/lactic ac/zn undecylenate
latrix xm,urea/lactic ac/zn undecylenate
urea 50,urea/lactic ac/zn undecylenate
kerol,urea/lactic acid/salicylic ac
latrix,urea/lactic acid/salicylic ac
valacyclovir,valacyclovir hcl
valtrex,valacyclovir hcl
valcyte,valganciclovir hcl
valganciclovir hcl,valganciclovir hcl
depacon,valproic acid (as sodium salt)
depakene,valproic acid (as sodium salt)
diovan hct,valsartan/hydrochlorothiazide
valsartan-hydrochlorothiazide,valsartan/hydrochlorothiazide
vancocin hcl,vancomycin hcl
vancomycin hcl,vancomycin hcl
vancomycin-d5w,vancomycin hcl/d5w
vancomycin hcl,vancomycin hcl/d5w
levitra,vardenafil hcl
staxyn,vardenafil hcl
varivax vaccine,varicella vaccine live/pf
effexor,venlafaxine hcl
effexor xr,venlafaxine hcl
venlafaxine hcl,venlafaxine hcl
venlafaxine hcl er,venlafaxine hcl
calan,verapamil hcl
calan sr,verapamil hcl
covera-hs,verapamil hcl
isoptin sr,verapamil hcl
verapamil er,verapamil hcl
verapamil er pm,verapamil hcl
verapamil hcl,verapamil hcl
verapamil sr,verapamil hcl
verelan,verapamil hcl
verelan pm,verapamil hcl
nephro-vite rx,vit b cmplx 3/fa/vit c/biotin
rena-vite rx,vit b cmplx 3/fa/vit c/biotin
vol-care rx,vit b cmplx 3/fa/vit c/biotin
nephplex rx,vit b cmplx no3/fa/c/biot/zinc
nephrocaps qt,vit b complex & c no.13/fa/d3
dialyvite zinc,vit b cplx #11/fa/c/biot/zn ox
cerefolin,vit b12/lmefolate ca/vit b6/b2
enfolast,vit b12/lmefolate ca/vit b6/b2
l-methyl-mc,vit b12/lmefolate ca/vit b6/b2
metafolbic,vit b12/lmefolate ca/vit b6/b2
rovin-cf of,vit b12/lmefolate ca/vit b6/b2
podiapn,vit b6/me-thfolate/me-b12/ala
regenecare,vit e/lidocain/alo ver/colagn
strovite,vitamin b comp and vit c no.6
water,"water for irrigation,sterile"
ragwitek,weed pollen-short ragweed
yf-vax,yellow fever vaccine live/pf
zyflo,zileuton
zyflo cr,zileuton
geodon,ziprasidone hcl
ziprasidone hcl,ziprasidone hcl
zaltrap,ziv-aflibercept
reclast,zoledronic acid/mannitol&water
zometa,zoledronic acid/mannitol&water
zostavax,zoster vaccine live/pf
